MOF,Linker_ID,SMILES,SA_Score,Pred_Tox_IBC50,Pred_Tox_IGC50,Pred_Tox_LC50,Pred_Tox_LC50DM,Mean_Tox,CoPriNet_log_USD_per_mmol,ExactMolWt,CoPriNet_USD_per_mmol,CoPriNet_USD_per_g,CoPriNet_log_USD_per_g,CoPriNet_valid_price,Price_rank_by_row
UFUNAK_clean-(id:172345),0,c1cc(ccn1)C(=O)[O],2.615,4.442236866539724,3.687729889947085,3.5570882324971005,4.864812202042115,4.137966797756507,0.2844731211662292,122.024203368,1.3290615891943305,10.891786649785804,2.3880089868291634,True,1
HAWZEM_clean-(id:177210),0,c1cnccc1C(=O)[O],2.615,4.442236866539724,3.687729889947085,3.5570882324971005,4.864812202042115,4.137966797756507,0.2844803631305694,122.024203368,1.3290712142458174,10.89186552800194,2.388016228793504,True,2
UGEPEB_clean-(id:172349),0,c1cc(ccn1)C(=O)[O],2.615,4.442236866539724,3.687729889947085,3.5570882324971005,4.864812202042115,4.137966797756507,0.2844810783863067,122.024203368,1.3290721648719688,10.891873318474037,2.3880169440492414,True,3
UGEPEB_clean-(id:183011),0,c1cc(ccn1)C(=O)[O],2.615,4.442236866539724,3.687729889947085,3.5570882324971005,4.864812202042115,4.137966797756507,0.284481406211853,122.024203368,1.3290726005758486,10.89187688910894,2.388017271874787,True,4
REDYEG_clean-(id:171954),0,c1cc(ccn1)C(=O)[O],2.615,4.442236866539724,3.687729889947085,3.5570882324971005,4.864812202042115,4.137966797756507,0.2844820022583008,122.024203368,1.329073392765087,10.891883381175404,2.388017867921235,True,5
MEJQEZ_clean-(id:179632),1,c1c(C(=O)[O])ccnc1,2.615,4.442236866539724,3.687729889947085,3.5570882324971005,4.864812202042115,4.137966797756507,0.2844820916652679,122.024203368,1.3290735115935135,10.891884354985708,2.388017957328202,True,6
XEYMAR_clean-(id:184614),0,c1cc(ccn1)C(=O)[O],2.615,4.442236866539724,3.687729889947085,3.5570882324971005,4.864812202042115,4.137966797756507,0.2844827175140381,122.024203368,1.3290743433927965,10.89189117166027,2.388018583176972,True,7
HAWZEM_clean-(id:170368),0,c1cnccc1C(=O)[O],2.615,4.442236866539724,3.687729889947085,3.5570882324971005,4.864812202042115,4.137966797756507,0.2844827473163605,122.024203368,1.3290743830022993,10.891891496263929,2.388018612979295,True,8
UGEPEB01_clean-(id:172348),0,c1c(C(=O)[O])ccnc1,2.615,4.442236866539724,3.687729889947085,3.5570882324971005,4.864812202042115,4.137966797756507,0.2844828367233276,122.024203368,1.3290745018308143,10.891892470074955,2.3880187023862622,True,9
UFUNIS_clean-(id:183005),0,c1cc(ccn1)C(=O)[O],2.615,4.442236866539724,3.687729889947085,3.5570882324971005,4.864812202042115,4.137966797756507,0.28448286652565,122.024203368,1.3290745414403216,10.89189279467865,2.388018732188584,True,10
UGEPEB01_clean-(id:183012),0,c1c(C(=O)[O])ccnc1,2.615,4.442236866539724,3.687729889947085,3.5570882324971005,4.864812202042115,4.137966797756507,0.2844848036766052,122.024203368,1.3290771160608328,10.891913893939618,2.3880206693395394,True,11
UFUNAK_clean-(id:183004),0,c1cc(ccn1)C(=O)[O],2.615,4.442236866539724,3.687729889947085,3.5570882324971005,4.864812202042115,4.137966797756507,0.2844851315021515,122.024203368,1.3290775517663358,10.891917464587824,2.3880209971650856,True,12
VACFUB_clean_h-(id:183395),0,c1cc(C(=O)[O])ccn1,2.615,4.442236866539724,3.687729889947085,3.5570882324971005,4.864812202042115,4.137966797756507,0.2844853401184082,122.024203368,1.3290778290335483,10.891919736819114,2.388021205781343,True,13
MEJQEZ_clean-(id:171106),1,c1c(C(=O)[O])ccnc1,2.615,4.442236866539724,3.687729889947085,3.5570882324971005,4.864812202042115,4.137966797756507,0.2844860851764679,122.024203368,1.329078819274066,10.89192785193472,2.388021950839402,True,14
HIVQAG_clean-(id:177334),0,c1c(ccnc1)C(=O)[O],2.615,4.442236866539724,3.687729889947085,3.5570882324971005,4.864812202042115,4.137966797756507,0.2844871878623962,122.024203368,1.3290802848313856,10.89193986231692,2.388023053525331,True,15
UFUMUD_clean-(id:173533),0,c1cc(ccn1)C(=O)[O],2.615,4.442236866539724,3.687729889947085,3.5570882324971005,4.864812202042115,4.137966797756507,0.2844903171062469,122.024203368,1.329084443854201,10.891973945906082,2.388026182769181,True,16
BAHGUN_clean-(id:174375),0,c1cc(ccn1)C(=O)[O],2.615,4.442236866539724,3.687729889947085,3.5570882324971005,4.864812202042115,4.137966797756507,0.284491628408432,122.024203368,1.3290861866866794,10.891988228584683,2.3880274940713666,True,17
MAPFIS_clean-(id:179544),0,c1c(ccc(c1)[O])[O],4.419,4.493011625161298,4.270122745560977,3.9181521919292113,4.128303680177408,4.202397560707223,0.4629455804824829,108.021129368,1.5887468812247802,14.70774181421795,2.688374009179562,True,18
MAPFIS_clean-(id:171074),0,c1c(ccc(c1)[O])[O],4.419,4.493011625161298,4.270122745560977,3.9181521919292113,4.128303680177408,4.202397560707223,0.4629499614238739,108.021129368,1.5887538414469982,14.707806248113972,2.688378390120953,True,19
VABJIS_clean-(id:183385),0,C(C#N)CC#N,3.146,3.756433261272681,3.594059706171856,3.7827149012062,4.262506309751161,3.848928544600474,0.2243551611900329,80.037448128,1.2515154302144984,15.636623349272838,2.7496158134236643,True,20
VABMAN_clean-(id:183392),0,[CH2]C#N.C1CCC1.[CH2]C#N,2.97,3.8158547894679344,3.252374317754959,2.768135551915461,3.3726505990171853,3.3022538145388847,0.774513304233551,136.100048384,2.1695359662198377,15.940743533746527,2.7688783180550245,True,21
FUDQIF_clean-(id:176587),0,c1cnccn1,1.974,3.799358385740772,3.3313454751788685,2.7906194891334337,3.5247462100990195,3.361517390038024,0.2445935010910034,80.037448128,1.2771020670786,15.956306665802147,2.769854153324635,True,22
NOMKUX_clean-(id:180285),0,c1cnccn1,1.974,3.799358385740772,3.3313454751788685,2.7906194891334337,3.5247462100990195,3.361517390038024,0.2445936203002929,80.037448128,1.277102219321039,15.95630856794224,2.7698542725339244,True,23
MAGVOG09_clean-(id:179479),0,NCCN,2.3,4.382496602930226,3.7978996991117593,2.9676941495186853,4.079988964278952,3.807019853959906,0.2140348553657531,60.06874825599999,1.238665828191523,20.620803065723923,3.0263004237918327,True,24
MAGVOG07_clean-(id:179477),0,NCCN,2.3,4.382496602930226,3.7978996991117593,2.9676941495186853,4.079988964278952,3.807019853959906,0.2140348851680755,60.06874825599999,1.238665865106642,20.620803680271752,3.026300453594155,True,25
MAGVOG30_clean-(id:179500),0,C(CN)N,2.3,4.382496602930226,3.7978996991117593,2.9676941495186853,4.079988964278952,3.807019853959906,0.2140349149703979,60.06874825599999,1.238665902021762,20.620804294819603,3.026300483396477,True,26
MAGVOG08_clean-(id:179478),0,NCCN,2.3,4.382496602930226,3.7978996991117593,2.9676941495186853,4.079988964278952,3.807019853959906,0.2140349149703979,60.06874825599999,1.238665902021762,20.620804294819603,3.026300483396477,True,27
MAGVOG18_clean-(id:179488),0,C(CN)N,2.3,4.382496602930226,3.7978996991117593,2.9676941495186853,4.079988964278952,3.807019853959906,0.2140349149703979,60.06874825599999,1.238665902021762,20.620804294819603,3.026300483396477,True,28
MAGVOG_clean-(id:179470),0,NCCN,2.3,4.382496602930226,3.7978996991117593,2.9676941495186853,4.079988964278952,3.807019853959906,0.2140349149703979,60.06874825599999,1.238665902021762,20.620804294819603,3.026300483396477,True,29
MAGVOG03_clean-(id:179473),0,C(CN)N,2.3,4.382496602930226,3.7978996991117593,2.9676941495186853,4.079988964278952,3.807019853959906,0.2140349149703979,60.06874825599999,1.238665902021762,20.620804294819603,3.026300483396477,True,30
MAGVOG19_clean-(id:179489),0,C(CN)N,2.3,4.382496602930226,3.7978996991117593,2.9676941495186853,4.079988964278952,3.807019853959906,0.2140349149703979,60.06874825599999,1.238665902021762,20.620804294819603,3.026300483396477,True,31
MAGVOG05_clean-(id:179475),0,C(CN)N,2.3,4.382496602930226,3.7978996991117593,2.9676941495186853,4.079988964278952,3.807019853959906,0.2140349298715591,60.06874825599999,1.2386659204793224,20.62080460209353,3.0263004982976387,True,32
MAGVOG06_clean-(id:179476),0,C(CN)N,2.3,4.382496602930226,3.7978996991117593,2.9676941495186853,4.079988964278952,3.807019853959906,0.2140349298715591,60.06874825599999,1.2386659204793224,20.62080460209353,3.0263004982976387,True,33
MAGVOG04_clean-(id:179474),0,C(CN)N,2.3,4.382496602930226,3.7978996991117593,2.9676941495186853,4.079988964278952,3.807019853959906,0.2140349298715591,60.06874825599999,1.2386659204793224,20.62080460209353,3.0263004982976387,True,34
YEYMEU_clean-(id:185391),0,c1cc(ccn1)C#N,1.987,4.291251154535288,3.6116726066762848,3.763433718357499,4.642729703282517,4.077271795712897,1.1206687688827517,104.037448128,3.066904567947956,29.478852308782727,3.3836731353822507,True,35
REXCEE_clean-(id:181850),1,c1cc(ccn1)C1=N[C]N=C(c2ccncc2)[N]1.[C]C=[CH].[CH][CH]C=[N].[CH].[CH].[CH],4.789,4.909766132999809,3.447283164832691,3.8941368266491168,5.485104388747366,4.434072628307246,2.449658155441284,364.143644512,11.584385982969549,31.81268204884953,3.459865016851524,True,36
RUPZIM_clean-(id:172038),0,c1c(C(=O)[O])ccc(c1)[N],3.618,4.534867555129846,3.923660792181465,3.40916026363476,4.470244825058859,4.084483359001233,1.609994649887085,134.024203368,5.002784462300226,37.327470237325095,3.619729523079273,True,37
SODNAA_clean-(id:182387),0,C1C(=O)CSCCSCC(=O)CSCCS1,4.118,4.431492115982701,3.9512877989376056,3.845343654625293,5.037611638683847,4.316433802057361,2.422790765762329,296.003313752,11.2772877082699,38.09851844333856,3.640175395374962,True,38
UMOYOM15_clean-(id:183211),0,c1c(C(=O)[O])ccc(c1)c1cc(cc(c2ccc(C(=O)[O])cc2)c1O[C][C][C])c1cc(c2ccc(C(=O)[O])cc2)c(c(c2ccc(C(=O)[O])cc2)c1)O[C][C][C].[C]#[C].[C]#[C],4.295,5.068344877319984,4.8754772209463,6.444479579738141,6.841568159675891,5.807467459420079,3.45564341545105,780.10564684,31.678664668776147,40.60817249189,3.7039693392546833,True,39
KEHDOS_clean-(id:178633),0,c1nncn1[C@@]12C[C@]3(C[C@@H](C1)C[C@@H](C2)C3)n1cnnc1,4.89,4.264714758178312,3.4942552507518587,3.832604889255558,5.851813708091544,4.360847151569319,2.398408889770508,270.159294576,11.005651237855114,40.73763686393938,3.7071524038128847,True,40
MIMVEJ_clean-(id:171158),0,c1ccc(cn1)C(=O)[O],2.518,4.442236866539724,3.687729889947085,3.5570882324971005,4.864812202042115,4.137966797756507,1.6231293678283691,122.024203368,5.068928062976571,41.54034956237102,3.726665233491304,True,41
OFODET_clean-(id:171474),0,OC(=O)c1cc(cc(c1)C(=O)[O])[N][N]c1cc(cc(C(=O)[O])c1)C(=O)O.OC(=O)c1cc(C(=O)[O])cc(c1)N=[N].[C]1=CC(=CC(=C1)C(=O)O)C(=O)[O],4.399,4.722514163223789,3.568016330756593,3.797008878716068,5.718595785734863,4.451533789607828,3.395673990249634,712.0561304319999,29.83475503404286,41.89944269694343,3.735272526050696,True,42
MUBQIJ_clean-(id:179843),0,c1cccc2nc3c4nc5c(nc4c4nc6c(nc4c3nc12)cccc6)cccc5,1.85,4.624030849011653,4.942886224545541,5.873737584047664,6.557094534281016,5.499437297971468,2.78237247467041,384.112344384,16.157308316886155,42.0640173457523,3.739192680353176,True,43
MAQBIS_clean-(id:179549),0,c1c(c(c2c(cc(C(=O)[O])cc2OC)OC)c(cc1C(=O)[O])OC)OC,2.72,4.709536433857196,3.9769519532890656,4.31671675632269,5.908697929614386,4.727975768270834,2.7346694469451904,360.0845174719999,15.404650539945278,42.78065229822924,3.7560859512759577,True,44
NIKCOB_clean-(id:180165),0,C1=[C]C=CC(=C1)NC(=O)C(=O)[O].S(SO[O])O[O].[C]1=CC=C(C=C1)NC(=O)C(=O)[O],4.988,4.124748387499979,3.36019616277676,3.4876612645366487,3.753291947817944,3.681474440657833,3.0327885150909424,453.9776865199999,20.755027678594647,45.718166982377205,3.822495745873927,True,45
BUWGEG_clean-(id:173009),0,c1cnc(c(C(=O)[O])n1)[C]=O.c1cc(ccn1)C1=NN=C(c2ccncc2)[N][N]1.[O]C(=O)/C(=[C]\C(=O)[O])/[N].[N][CH][CH].[O],4.765,5.215395707591787,3.5328287881050087,3.412534377228053,5.338240412866281,4.374749821447782,3.2712199687957764,568.083957344,26.34345794410158,46.3724729479545,3.83670602775456,True,46
XUKYEI_neutral-(id:172959),0,c1cc(ccn1)CCCc1ccncc1,1.811,5.284913257549802,4.143444164144986,4.433936194681434,5.705449542012444,4.891935789597167,2.2373807430267334,198.115698448,9.368759932360176,47.28933651272074,3.8562848263759424,True,47
XUKYEI_neutral-(id:184829),0,c1cc(ccn1)CCCc1ccncc1,1.811,5.284913257549802,4.143444164144986,4.433936194681434,5.705449542012444,4.891935789597167,2.237398147583008,198.115698448,9.368922992888637,47.2901595698017,3.856302230932217,True,48
SUFJOU_clean-(id:182472),0,Nc1cc(C(=O)[O])c(cc1C(=O)[O])N,3.387,4.088523615960304,3.929690520470703,3.811781424192686,3.619400901394148,3.86234911550446,2.2298460006713867,194.032756672,9.29843401662234,47.92198068051339,3.869574286018812,True,49
LACQIS_clean-(id:178950),0,C(C(=O)[O])c1nnc(c2ccncc2)[nH]1,3.146,4.167136421283734,3.1896919717990064,3.030187559112965,4.644474330626672,3.757872570705594,2.2811999320983887,203.056900464,9.788418803397333,48.205299997341,3.875468973462625,True,50
XEJTIR_clean-(id:172862),0,c1c(ccc(c1)C#N)[O],2.974,4.519791617979752,3.840413083657233,4.275801319800706,4.455124762875368,4.272782696078265,1.763916015625,118.029288748,5.8352436156730425,49.438945854631534,3.900738491211597,True,51
EDUVOO_clean-(id:175775),0,c1c2ccc3cc(cc4ccc(cc1C(=O)[O])c2c34)C(=O)[O],2.775,5.84078172788583,4.786999895374801,5.751287206970651,6.234979895395327,5.6535121814066525,2.660762548446656,288.04225873599995,14.3071948692835,49.67047172892956,3.905410626334671,True,52
EDUVOO_clean-(id:169797),0,c1c2ccc3cc(cc4ccc(cc1C(=O)[O])c2c34)C(=O)[O],2.775,5.84078172788583,4.786999895374801,5.751287206970651,6.234979895395327,5.6535121814066525,2.660775899887085,288.04225873599995,14.307385892218718,49.67113490570112,3.9054239777751,True,53
FORKUU_clean-(id:176556),0,c1c2C(=O)N(C(=O)c3ccc4C(=O)N(C(=O)c(c1)c4c23)c1ccncc1)c1ccncc1,2.309,5.218675817725471,4.39631998699946,5.127330146487484,6.832939157488749,5.393816277175291,3.052096128463745,420.08585486400005,21.159651317255257,50.36982576836717,3.919392300715785,True,54
KEDNOY_clean-(id:178617),0,CC(=O)[C](C(=O)C)C#N,3.451,3.8366964334151374,3.4779046151188995,3.49400396141578,3.967570819094119,3.694043957260984,1.8540339469909668,124.039853432,6.385526512885946,51.47963607024545,3.9411863133603866,True,55
CICSOW02_clean-(id:174946),0,c1nncn1n1cnnc1,3.599,4.460266176497801,3.438883682603991,2.843324889097687,3.9941349283349377,3.684152419133605,1.969709634780884,136.049744128,7.168594675554505,52.69098241603498,3.964444329255858,True,56
cg8002564_si_006_clean-(id:185223),0,c1n(cnn1)n1cnnc1,3.599,4.460266176497801,3.438883682603991,2.843324889097687,3.9941349283349377,3.684152419133605,1.969717502593994,136.049744128,7.16865107693955,52.691396980468056,3.964452197068968,True,57
CICSOW_clean-(id:174944),0,c1nncn1n1cnnc1,3.599,4.460266176497801,3.438883682603991,2.843324889097687,3.9941349283349377,3.684152419133605,1.9697179794311523,136.049744128,7.168654495219575,52.69142210569006,3.964452673906126,True,58
FABGUM_clean-(id:176185),0,c1nncn1CCn1cnnc1,3.298,4.59962890227185,3.12785443747477,2.8525878107896347,4.26704646861452,3.7117794047876935,2.1856472492218018,164.08104425599998,8.896404881417318,54.21957741527478,3.993042050149973,True,59
ANONAT_manual-(id:185465),0,c1c(C(=O)[O])cc(C(=O)[O])cc1N1C(=O)c2ccc3C(=O)N(C(=O)c4ccc(C1=O)c2c34)c1cc(C(=O)[O])cc(C(=O)[O])c1,3.325,5.392506288947914,4.163869161907644,4.604865493472737,6.949861837894485,5.277775695555695,3.492291212081909,590.02337376,32.86115338891734,55.69466372070212,4.019884338406623,True,60
NACYAU_clean-(id:179937),0,c1c(C(=O)[O])ccc2-c3c(cc(cc3)C(=O)[O])N=C(C(=Nc12)c1ccccc1)c1ccccc1,2.93,4.697552297009088,4.876959094232456,5.801233676816849,7.087000674829923,5.615686435722079,3.221809148788452,444.111006992,25.073440758113133,56.457598130561074,4.033489880839346,True,61
UMODEH12_clean-(id:183172),0,c1c(C(=O)[O])ccc(c1)c1cc(cc(c2ccc(C(=O)[O])cc2)c1OCC)c1cc(c2ccc(C(=O)[O])cc2)c(c(c2ccc(C(=O)[O])cc2)c1)OCC,3.133,4.945727166248484,4.907912795299682,5.533093403783504,7.61681396272059,5.750886832013064,3.7081832885742174,718.18389716,40.7796543268552,56.781632793655,4.039212907124056,True,62
UMODEH13_clean-(id:183173),0,c1c(C(=O)[O])ccc(c1)c1cc(cc(c2ccc(C(=O)[O])cc2)c1OCC)c1cc(c2ccc(C(=O)[O])cc2)c(c(c2ccc(C(=O)[O])cc2)c1)OCC,3.133,4.945727166248484,4.907912795299682,5.533093403783504,7.61681396272059,5.750886832013064,3.708183526992798,718.18389716,40.77966404948362,56.78164633145285,4.039213145542636,True,63
UMODEH11_clean-(id:183171),0,c1c(C(=O)[O])ccc(c1)c1cc(cc(c2ccc(C(=O)[O])cc2)c1OCC)c1cc(c2ccc(C(=O)[O])cc2)c(c(c2ccc(C(=O)[O])cc2)c1)OCC,3.133,4.945727166248484,4.907912795299682,5.533093403783504,7.61681396272059,5.750886832013064,3.708204984664917,718.18389716,40.78053909553211,56.78286474647433,4.039234603214755,True,64
UMODEH20_clean-(id:183180),0,c1c(C(=O)[O])ccc(c1)c1cc(cc(c2ccc(C(=O)[O])cc2)c1OCC)c1cc(c2ccc(C(=O)[O])cc2)c(c(c2ccc(C(=O)[O])cc2)c1)OCC,3.133,4.945727166248484,4.907912795299682,5.533093403783504,7.61681396272059,5.750886832013064,3.708204984664917,718.18389716,40.78053909553211,56.78286474647433,4.039234603214755,True,65
UMODEH15_clean-(id:183175),0,c1c(C(=O)[O])ccc(c1)c1cc(cc(c2ccc(C(=O)[O])cc2)c1OCC)c1cc(c2ccc(C(=O)[O])cc2)c(c(c2ccc(C(=O)[O])cc2)c1)OCC,3.133,4.945727166248484,4.907912795299682,5.533093403783504,7.61681396272059,5.750886832013064,3.708204984664917,718.18389716,40.78053909553211,56.78286474647433,4.039234603214755,True,66
UMODEH16_clean-(id:183176),0,c1c(C(=O)[O])ccc(c1)c1cc(cc(c2ccc(C(=O)[O])cc2)c1OCC)c1cc(c2ccc(C(=O)[O])cc2)c(c(c2ccc(C(=O)[O])cc2)c1)OCC,3.133,4.945727166248484,4.907912795299682,5.533093403783504,7.61681396272059,5.750886832013064,3.708205223083496,718.18389716,40.78054881837146,56.78287828456588,4.039234841633334,True,67
UMODEH06_clean-(id:183166),0,c1c(C(=O)[O])ccc(c1)c1cc(cc(c2ccc(C(=O)[O])cc2)c1OCC)c1cc(c2ccc(C(=O)[O])cc2)c(c(c2ccc(C(=O)[O])cc2)c1)OCC,3.133,4.945727166248484,4.907912795299682,5.533093403783504,7.61681396272059,5.750886832013064,3.708205223083496,718.18389716,40.78054881837146,56.78287828456588,4.039234841633334,True,68
UMODEH17_clean-(id:183177),0,c1c(C(=O)[O])ccc(c1)c1cc(cc(c2ccc(C(=O)[O])cc2)c1OCC)c1cc(c2ccc(C(=O)[O])cc2)c(c(c2ccc(C(=O)[O])cc2)c1)OCC,3.133,4.945727166248484,4.907912795299682,5.533093403783504,7.61681396272059,5.750886832013064,3.708205223083496,718.18389716,40.78054881837146,56.78287828456588,4.039234841633334,True,69
UMODEH10_clean-(id:183170),0,c1c(C(=O)[O])ccc(c1)c1cc(cc(c2ccc(C(=O)[O])cc2)c1OCC)c1cc(c2ccc(C(=O)[O])cc2)c(c(c2ccc(C(=O)[O])cc2)c1)OCC,3.133,4.945727166248484,4.907912795299682,5.533093403783504,7.61681396272059,5.750886832013064,3.708205461502075,718.18389716,40.780558541213125,56.78289182266065,4.039235080051913,True,70
MALSEA_clean-(id:179532),0,c1c(c(ccc1c1cc(c(cc1)[O])C(=O)[O])[O])C(=O)[O],3.592,5.142508425970322,4.309628353995754,4.762810439501301,5.435349765172224,4.9125742461599,2.752047300338745,270.016437912,15.674689854693057,58.05087266502468,4.061319741020134,True,71
MALRUP_clean-(id:179530),0,c1c(c(ccc1c1cc(c(cc1)[O])C(=O)[O])[O])C(=O)[O],3.592,5.142508425970322,4.309628353995754,4.762810439501301,5.435349765172224,4.9125742461599,2.752047300338745,270.016437912,15.674689854693057,58.05087266502468,4.061319741020134,True,72
cg501730q_si_002_clean-(id:174926),0,c1cc(ccc1C(=O)[O])c1cncnc1,2.361,4.904823846836584,4.072264818220443,4.081401344116811,5.626762884091869,4.671313223316427,2.45606017112732,199.050752464,11.658787308856962,58.57193285901067,4.070255620393963,True,73
ESUMOU01_clean-(id:169889),0,C(C(=O)[O])OCC(=O)[O],3.815,3.262141519701816,3.683305209596666,2.963144237248543,3.744116550821154,3.4131768793420445,2.051218271255493,132.005873228,7.7773702837822976,58.916850391567465,4.07612713448958,True,74
ESUMOU_clean-(id:176038),0,C(C(=O)[O])OCC(=O)[O],3.815,3.262141519701816,3.683305209596666,2.963144237248543,3.744116550821154,3.4131768793420445,2.0512287616729736,132.005873228,7.777451872071421,58.917468457166585,4.07613762490706,True,75
ESUMOU01_clean-(id:176039),0,C(C(=O)[O])OCC(=O)[O],3.815,3.262141519701816,3.683305209596666,2.963144237248543,3.744116550821154,3.4131768793420445,2.0512478351593018,132.005873228,7.77760021660809,58.91859222941278,4.076156698393389,True,76
ESUMOU_clean-(id:169890),0,C(C(=O)[O])OCC(=O)[O],3.815,3.262141519701816,3.683305209596666,2.963144237248543,3.744116550821154,3.4131768793420445,2.051250696182251,132.005873228,7.777622468532631,58.91876079709842,4.076159559416337,True,77
PUGFII_clean-(id:181221),0,c1c(C(=O)[O])ccc(c1)S(=O)(=O)c1ccc(cc1)C(=O)[O],2.478,4.760773993927253,3.5705868238959937,3.687567580691773,5.192255696398883,4.302796023728476,2.9067814350128174,304.004158976,18.297810996459795,60.18934431059655,4.097495331840209,True,78
WITJOA_clean-(id:184155),0,c1c(C(=O)[O])ccc(c1)S(=O)(=O)c1ccc(cc1)C(=O)[O],2.478,4.760773993927253,3.5705868238959937,3.687567580691773,5.192255696398883,4.302796023728476,2.906781911849976,304.004158976,18.29781972153808,60.18937301111932,4.097495808677368,True,79
PUGJEI_clean-(id:181227),0,c1c(C(=O)[O])ccc(c1)S(=O)(=O)c1ccc(cc1)C(=O)[O],2.478,4.760773993927253,3.5705868238959937,3.687567580691773,5.192255696398883,4.302796023728476,2.9067821502685547,304.004158976,18.29782408407877,60.18938736138579,4.097496047095946,True,80
WITJUG_clean-(id:184156),0,c1c(C(=O)[O])ccc(c1)S(=O)(=O)c1ccc(cc1)C(=O)[O],2.478,4.760773993927253,3.5705868238959937,3.687567580691773,5.192255696398883,4.302796023728476,2.906782627105713,304.004158976,18.29783280916329,60.189416061929066,4.097496523933105,True,81
GITWIQ_clean-(id:170269),0,C1=C[N]C(=N1)N(=O)=O,4.618,3.9793916385957737,3.319635743663808,3.693114727840156,3.9250972776581694,3.729309846939477,1.9146513938903809,112.014701304,6.784573241016658,60.56859646131453,4.1037765485486215,True,82
RUBTAK02_SL-(id:185230),0,c1cc(ccc1C(=O)[O])C(=O)[O],2.861,4.367341789199778,3.8022466209587193,3.8650169515862967,4.75490278562171,4.197377036841626,2.2970645427703857,164.010958608,9.944946600112324,60.6358665574389,4.104886575380245,True,83
LUSHOX04_clean-(id:179403),0,c1c(C(=O)[O])ccc(c1)C(=O)[O],2.861,4.367341789199778,3.8022466209587193,3.8650169515862967,4.75490278562171,4.197377036841626,2.2970645427703857,164.010958608,9.944946600112324,60.6358665574389,4.104886575380245,True,84
NOCKUM_clean-(id:171404),0,c1c(C(=O)[O])ccc(c1)C(=O)[O],2.861,4.367341789199778,3.8022466209587193,3.8650169515862967,4.75490278562171,4.197377036841626,2.2970645427703857,164.010958608,9.944946600112324,60.6358665574389,4.104886575380245,True,85
VEGMOK_charged-(id:183541),0,c1c(C(=O)[O])ccc(C(=O)[O])c1,2.861,4.367341789199778,3.8022466209587193,3.8650169515862967,4.75490278562171,4.197377036841626,2.297064781188965,164.010958608,9.944948971172645,60.63588101415778,4.104886813798824,True,86
LAWGEW_clean-(id:170888),0,c1cc(ccc1C(=O)[O])C(=O)[O],2.861,4.367341789199778,3.8022466209587193,3.8650169515862967,4.75490278562171,4.197377036841626,2.297064781188965,164.010958608,9.944948971172645,60.63588101415778,4.104886813798824,True,87
LAWFOF_clean-(id:179075),0,c1cc(ccc1C(=O)[O])C(=O)[O],2.861,4.367341789199778,3.8022466209587193,3.8650169515862967,4.75490278562171,4.197377036841626,2.297064781188965,164.010958608,9.944948971172645,60.63588101415778,4.104886813798824,True,88
NOCKOG_clean-(id:180244),0,c1c(C(=O)[O])ccc(c1)C(=O)[O],2.861,4.367341789199778,3.8022466209587193,3.8650169515862967,4.75490278562171,4.197377036841626,2.297065019607544,164.010958608,9.94495134223353,60.63589547088009,4.104887052217404,True,89
cm503311x_F-mil-53-Al-lp-mono_clean-(id:175055),0,c1c(ccc(C(=O)[O])c1)C(=O)[O],2.861,4.367341789199778,3.8022466209587193,3.8650169515862967,4.75490278562171,4.197377036841626,2.297065019607544,164.010958608,9.94495134223353,60.63589547088009,4.104887052217404,True,90
PICTIG_clean-(id:181075),0,c1c(ccc(c1)C(=O)[O])C(=O)[O],2.861,4.367341789199778,3.8022466209587193,3.8650169515862967,4.75490278562171,4.197377036841626,2.297065019607544,164.010958608,9.94495134223353,60.63589547088009,4.104887052217404,True,91
NOCKUM_clean-(id:180245),0,c1c(C(=O)[O])ccc(c1)C(=O)[O],2.861,4.367341789199778,3.8022466209587193,3.8650169515862967,4.75490278562171,4.197377036841626,2.297065019607544,164.010958608,9.94495134223353,60.63589547088009,4.104887052217404,True,92
WAYMIU_manual-(id:172629),0,c1cc(ccc1C(=O)[O])C(=O)[O],2.861,4.367341789199778,3.8022466209587193,3.8650169515862967,4.75490278562171,4.197377036841626,2.297065258026123,164.010958608,9.94495371329498,60.63590992760586,4.104887290635983,True,93
cm503311x_F-mil-53-Al-lp-ortho_clean-(id:175056),0,c1c(ccc(C(=O)[O])c1)C(=O)[O],2.861,4.367341789199778,3.8022466209587193,3.8650169515862967,4.75490278562171,4.197377036841626,2.297065258026123,164.010958608,9.94495371329498,60.63590992760586,4.104887290635983,True,94
HIFTOG_clean-(id:170423),0,c1cc(ccc1C(=O)[O])C(=O)[O],2.861,4.367341789199778,3.8022466209587193,3.8650169515862967,4.75490278562171,4.197377036841626,2.297065496444702,164.010958608,9.944956084356996,60.63592438433507,4.104887529054562,True,95
PICTIG_clean-(id:171728),0,c1c(ccc(c1)C(=O)[O])C(=O)[O],2.861,4.367341789199778,3.8022466209587193,3.8650169515862967,4.75490278562171,4.197377036841626,2.297065496444702,164.010958608,9.944956084356996,60.63592438433507,4.104887529054562,True,96
LAWGAS_clean-(id:179078),0,c1cc(ccc1C(=O)[O])C(=O)[O],2.861,4.367341789199778,3.8022466209587193,3.8650169515862967,4.75490278562171,4.197377036841626,2.297065496444702,164.010958608,9.944956084356996,60.63592438433507,4.104887529054562,True,97
VEGMOK03_charged-(id:172502),0,c1c(C(=O)[O])ccc(C(=O)[O])c1,2.861,4.367341789199778,3.8022466209587193,3.8650169515862967,4.75490278562171,4.197377036841626,2.297065496444702,164.010958608,9.944956084356996,60.63592438433507,4.104887529054562,True,98
HIFTOG02_clean-(id:170422),0,c1cc(ccc1C(=O)[O])C(=O)[O],2.861,4.367341789199778,3.8022466209587193,3.8650169515862967,4.75490278562171,4.197377036841626,2.297065496444702,164.010958608,9.944956084356996,60.63592438433507,4.104887529054562,True,99
FIJDIM08_clean-(id:170067),0,c1c(C(=O)[O])ccc(c1)C(=O)[O],2.861,4.367341789199778,3.8022466209587193,3.8650169515862967,4.75490278562171,4.197377036841626,2.297065734863281,164.010958608,9.944958455419574,60.63593884106769,4.104887767473141,True,100
FIJDIM02_clean-(id:170061),0,c1c(C(=O)[O])ccc(c1)C(=O)[O],2.861,4.367341789199778,3.8022466209587193,3.8650169515862967,4.75490278562171,4.197377036841626,2.297065734863281,164.010958608,9.944958455419574,60.63593884106769,4.104887767473141,True,101
FIJCUX_clean-(id:170059),0,c1c(C(=O)[O])ccc(c1)C(=O)[O],2.861,4.367341789199778,3.8022466209587193,3.8650169515862967,4.75490278562171,4.197377036841626,2.297065734863281,164.010958608,9.944958455419574,60.63593884106769,4.104887767473141,True,102
IBUBIT_clean-(id:177597),1,c1c(C(=O)[O])ccc(C(=O)[O])c1,2.861,4.367341789199778,3.8022466209587193,3.8650169515862967,4.75490278562171,4.197377036841626,2.297065734863281,164.010958608,9.944958455419574,60.63593884106769,4.104887767473141,True,103
SETRAM_clean-(id:182296),0,c1c(ccc(c1)C(=O)[O])C(=O)[O],2.861,4.367341789199778,3.8022466209587193,3.8650169515862967,4.75490278562171,4.197377036841626,2.297065734863281,164.010958608,9.944958455419574,60.63593884106769,4.104887767473141,True,104
FIJCUX_clean-(id:176426),0,c1c(C(=O)[O])ccc(c1)C(=O)[O],2.861,4.367341789199778,3.8022466209587193,3.8650169515862967,4.75490278562171,4.197377036841626,2.2970659732818604,164.010958608,9.944960826482726,60.63595329780383,4.10488800589172,True,105
QONQEQ_manual-(id:181551),0,c1cc(ccc1C(=O)[O])C(=O)[O],2.861,4.367341789199778,3.8022466209587193,3.8650169515862967,4.75490278562171,4.197377036841626,2.2970659732818604,164.010958608,9.944960826482726,60.63595329780383,4.10488800589172,True,106
MEJMOE_clean-(id:179631),0,c1c(C(=O)[O])ccc(c1)C(=O)[O],2.861,4.367341789199778,3.8022466209587193,3.8650169515862967,4.75490278562171,4.197377036841626,2.2970659732818604,164.010958608,9.944960826482726,60.63595329780383,4.10488800589172,True,107
cm503311x_F-mil-53-Al-np_clean-(id:175057),0,c1c(C(=O)[O])ccc(c1)C(=O)[O],2.861,4.367341789199778,3.8022466209587193,3.8650169515862967,4.75490278562171,4.197377036841626,2.2970659732818604,164.010958608,9.944960826482726,60.63595329780383,4.10488800589172,True,108
WAYMEQ_SL-(id:185525),0,c1cc(ccc1C(=O)[O])C(=O)[O],2.861,4.367341789199778,3.8022466209587193,3.8650169515862967,4.75490278562171,4.197377036841626,2.2970659732818604,164.010958608,9.944960826482726,60.63595329780383,4.10488800589172,True,109
FIJDIM01_clean-(id:170060),0,c1c(C(=O)[O])ccc(c1)C(=O)[O],2.861,4.367341789199778,3.8022466209587193,3.8650169515862967,4.75490278562171,4.197377036841626,2.2970659732818604,164.010958608,9.944960826482726,60.63595329780383,4.10488800589172,True,110
cm503311x_OH-mil-53-Al-lp-ortho_clean-(id:175058),0,c1c(ccc(C(=O)[O])c1)C(=O)[O],2.861,4.367341789199778,3.8022466209587193,3.8650169515862967,4.75490278562171,4.197377036841626,2.2970662117004395,164.010958608,9.944963197546436,60.63596775454338,4.104888244310299,True,111
EDUSIF_clean-(id:175768),0,c1cc(ccc1C(=O)[O])C(=O)[O],2.861,4.367341789199778,3.8022466209587193,3.8650169515862967,4.75490278562171,4.197377036841626,2.2970662117004395,164.010958608,9.944963197546436,60.63596775454338,4.104888244310299,True,112
ZONBAH_clean-(id:185482),0,c1c(C(=O)[O])ccc(C(=O)[O])c1,2.861,4.367341789199778,3.8022466209587193,3.8650169515862967,4.75490278562171,4.197377036841626,2.2970664501190186,164.010958608,9.944965568610714,60.635982211286375,4.104888482728878,True,113
NAKLIW_clean-(id:179967),0,c1c(C(=O)[O])ccc(C(=O)[O])c1,2.861,4.367341789199778,3.8022466209587193,3.8650169515862967,4.75490278562171,4.197377036841626,2.2970664501190186,164.010958608,9.944965568610714,60.635982211286375,4.104888482728878,True,114
FIJDIM12_clean-(id:170071),0,c1c(C(=O)[O])ccc(c1)C(=O)[O],2.861,4.367341789199778,3.8022466209587193,3.8650169515862967,4.75490278562171,4.197377036841626,2.2970664501190186,164.010958608,9.944965568610714,60.635982211286375,4.104888482728878,True,115
ZAZBUZ_clean-(id:184998),0,c1c(C(=O)[O])ccc(C(=O)[O])c1,2.861,4.367341789199778,3.8022466209587193,3.8650169515862967,4.75490278562171,4.197377036841626,2.2970664501190186,164.010958608,9.944965568610714,60.635982211286375,4.104888482728878,True,116
LAWGEW_clean-(id:179079),0,c1cc(ccc1C(=O)[O])C(=O)[O],2.861,4.367341789199778,3.8022466209587193,3.8650169515862967,4.75490278562171,4.197377036841626,2.2970664501190186,164.010958608,9.944965568610714,60.635982211286375,4.104888482728878,True,117
TAGVAB_clean-(id:182558),0,c1c(ccc(c1)C(=O)[O])C(=O)[O],2.861,4.367341789199778,3.8022466209587193,3.8650169515862967,4.75490278562171,4.197377036841626,2.2970664501190186,164.010958608,9.944965568610714,60.635982211286375,4.104888482728878,True,118
FIJDIM03_clean-(id:170062),0,c1c(C(=O)[O])ccc(c1)C(=O)[O],2.861,4.367341789199778,3.8022466209587193,3.8650169515862967,4.75490278562171,4.197377036841626,2.2970664501190186,164.010958608,9.944965568610714,60.635982211286375,4.104888482728878,True,119
FIJDIM03_clean-(id:176432),0,c1c(C(=O)[O])ccc(c1)C(=O)[O],2.861,4.367341789199778,3.8022466209587193,3.8650169515862967,4.75490278562171,4.197377036841626,2.2970664501190186,164.010958608,9.944965568610714,60.635982211286375,4.104888482728878,True,120
HIFTOG02_clean-(id:177306),0,c1cc(ccc1C(=O)[O])C(=O)[O],2.861,4.367341789199778,3.8022466209587193,3.8650169515862967,4.75490278562171,4.197377036841626,2.2970664501190186,164.010958608,9.944965568610714,60.635982211286375,4.104888482728878,True,121
ZAZBUZ_clean-(id:173798),0,c1c(C(=O)[O])ccc(C(=O)[O])c1,2.861,4.367341789199778,3.8022466209587193,3.8650169515862967,4.75490278562171,4.197377036841626,2.2970666885375977,164.010958608,9.944967939675555,60.63599666803282,4.104888721147457,True,122
FIJDIM02_clean-(id:176431),0,c1c(C(=O)[O])ccc(c1)C(=O)[O],2.861,4.367341789199778,3.8022466209587193,3.8650169515862967,4.75490278562171,4.197377036841626,2.2970666885375977,164.010958608,9.944967939675555,60.63599666803282,4.104888721147457,True,123
REDROI_clean-(id:181800),0,c1c(C(=O)[O])ccc(c1)C(=O)[O],2.861,4.367341789199778,3.8022466209587193,3.8650169515862967,4.75490278562171,4.197377036841626,2.2970669269561768,164.010958608,9.944970310740963,60.63601112478271,4.104888959566036,True,124
FIJDIM01_clean-(id:176430),0,c1c(C(=O)[O])ccc(c1)C(=O)[O],2.861,4.367341789199778,3.8022466209587193,3.8650169515862967,4.75490278562171,4.197377036841626,2.297067403793335,164.010958608,9.944975052873476,60.63604003829283,4.1048894364031945,True,125
FIJCUX01_clean-(id:176427),0,c1c(C(=O)[O])ccc(c1)C(=O)[O],2.861,4.367341789199778,3.8022466209587193,3.8650169515862967,4.75490278562171,4.197377036841626,2.297068357467652,164.010958608,9.94498453714529,60.63609786535447,4.104890390077512,True,126
LAWGOG_clean-(id:170890),0,c1cc(ccc1C(=O)[O])C(=O)[O],2.861,4.367341789199778,3.8022466209587193,3.8650169515862967,4.75490278562171,4.197377036841626,2.297068357467652,164.010958608,9.94498453714529,60.63609786535447,4.104890390077512,True,127
WAYMEQ_clean_h-(id:173568),0,c1cc(ccc1C(=O)[O])C(=O)[O],2.861,4.367341789199778,3.8022466209587193,3.8650169515862967,4.75490278562171,4.197377036841626,2.297068357467652,164.010958608,9.94498453714529,60.63609786535447,4.104890390077512,True,128
LAWGIA_clean-(id:170889),0,c1cc(ccc1C(=O)[O])C(=O)[O],2.861,4.367341789199778,3.8022466209587193,3.8650169515862967,4.75490278562171,4.197377036841626,2.297068357467652,164.010958608,9.94498453714529,60.63609786535447,4.104890390077512,True,129
VEGMOK_charged-(id:172504),0,c1c(C(=O)[O])ccc(C(=O)[O])c1,2.861,4.367341789199778,3.8022466209587193,3.8650169515862967,4.75490278562171,4.197377036841626,2.297068357467652,164.010958608,9.94498453714529,60.63609786535447,4.104890390077512,True,130
SETQUF_clean-(id:173501),0,c1c(ccc(c1)C(=O)[O])C(=O)[O],2.861,4.367341789199778,3.8022466209587193,3.8650169515862967,4.75490278562171,4.197377036841626,2.2970688343048096,164.010958608,9.94498927928458,60.636126778905926,4.104890866914669,True,131
WAFKAQ_clean-(id:172599),0,c1cc(ccc1C(=O)[O])C(=O)[O],2.861,4.367341789199778,3.8022466209587193,3.8650169515862967,4.75490278562171,4.197377036841626,2.2970688343048096,164.010958608,9.94498927928458,60.636126778905926,4.104890866914669,True,132
UMEDEX_clean-(id:183129),0,c1cc(C2=N[C](c3ccncc3)NC(=N2)c2ccncc2)ccn1,2.893,4.985356502034237,3.780980493942962,4.164581744570223,5.700569985164119,4.657872181427885,2.9550302028656006,313.120169416,19.202302675641885,61.3256651957492,4.116198437142376,True,133
QOPPOC_clean-(id:181557),0,NC(=O)[C](C#N)C#N,3.877,3.944635251154792,3.490972742172172,3.531208355280888,3.614291121971702,3.645276867644888,1.8928680419921875,108.019786684,6.638380558781823,61.45522744089169,4.118308900593977,True,134
JOCWIJ_clean-(id:178403),0,c1nncn1CC(=O)[O],3.6,3.8129160239494833,3.233209903827569,3.087078337259862,4.008391074577897,3.5353988349037024,2.051060676574707,126.030351368,7.776144708169705,61.700571519188216,4.122293193740212,True,135
CUSDIE_charged-(id:169589),1,c1nncn1CC(=O)[O],3.6,3.8129160239494833,3.233209903827569,3.087078337259862,4.008391074577897,3.5353988349037024,2.0510990619659424,126.030351368,7.776443204255538,61.702939965222,4.122331579131448,True,136
CAXWEF_clean-(id:174801),0,[CH]1[C](C(=O)[O])C(=O)[CH][C](C(=O)[O])C1=O,4.441,3.898747263985068,3.4600085970925942,3.662875468892505,3.678285293258128,3.6749791558070735,2.5111019611358643,193.985137784,12.3184970890128,63.5022725438342,4.151075693350145,True,137
RIPNIP_clean-(id:172015),0,c1(c(c(c(c(c1F)F)C(=O)[O])F)F)C(=O)[O],3.278,4.389549187989225,3.997651654863255,4.459842436993111,4.791745468302503,4.409697187037024,2.7102792263031006,235.97327136,15.033472669866466,63.708370796502,4.154315963622833,True,138
FUSMOW_clean-(id:176624),0,c1ccc(cn1)C(=O)c1cccnc1,1.83,4.803744393683689,4.05450376342586,3.9052688782432985,5.338456894985484,4.525493482584583,2.462076425552368,184.063662876,11.729140960121509,63.72328343820472,4.154550012876299,True,139
FURRIU_clean-(id:176616),0,c1ccc(cn1)C(=O)c1cccnc1,1.83,4.803744393683689,4.05450376342586,3.9052688782432985,5.338456894985484,4.525493482584583,2.462076663970948,184.063662876,11.729143756566968,63.72329863102125,4.154550251294879,True,140
FURREQ_clean-(id:176615),0,c1ccc(cn1)C(=O)c1cccnc1,1.83,4.803744393683689,4.05450376342586,3.9052688782432985,5.338456894985484,4.525493482584583,2.462076663970948,184.063662876,11.729143756566968,63.72329863102125,4.154550251294879,True,141
FURROA_clean-(id:176617),0,c1ccc(cn1)C(=O)c1cccnc1,1.83,4.803744393683689,4.05450376342586,3.9052688782432985,5.338456894985484,4.525493482584583,2.462078094482422,184.063662876,11.729160535253694,63.72338978799631,4.154551681806352,True,142
FUSMUC_clean-(id:176625),0,c1ccc(cn1)C(=O)c1cccnc1,1.83,4.803744393683689,4.05450376342586,3.9052688782432985,5.338456894985484,4.525493482584583,2.462078809738159,184.063662876,11.729168924606062,63.72343536653277,4.15455239706209,True,143
IJENER_clean-(id:170557),0,CSc1c(C(=O)[O])c(c(c(C(=O)[O])c1SC)SC)SC,3.911,4.756547293944065,4.48230664154222,5.486864441296542,6.250010446314075,5.243932205774225,3.1153452396392822,347.961842864,22.54121112990061,64.78069820635703,4.171007691801139,True,144
IJENER_clean-(id:177808),0,CSc1c(C(=O)[O])c(c(c(C(=O)[O])c1SC)SC)SC,3.911,4.756547293944065,4.48230664154222,5.486864441296542,6.250010446314075,5.243932205774225,3.1153452396392822,347.961842864,22.54121112990061,64.78069820635703,4.171007691801139,True,145
AQOSEG_clean-(id:174151),0,c1c(cc(cc1)n1cnnc1)n1cnnc1,2.696,4.92695468182674,3.548010631916565,3.271871075965513,5.432749641364379,4.294896507768299,2.63508677482605,212.081044256,13.944522444173598,65.7509137277793,4.185873567961758,True,146
HENYUV_clean-(id:177271),0,c1c(C(=O)[O])nc(cc1c1cc(C(=O)[O])nc(c1)C(=O)[O])C(=O)[O],3.613,3.9644020333055696,2.732542495614396,3.003738543688336,5.085348246259198,3.6965078297168734,3.0722599029541016,327.9967650879999,21.590640334942872,65.82577218147323,4.187011436137316,True,147
HESVOR_clean-(id:173191),0,c1c(c2cc(C(=O)[O])nc(c2)C(=O)[O])cc(C(=O)[O])nc1C(=O)[O],3.613,3.9644020333055696,2.732542495614396,3.003738543688336,5.085348246259198,3.6965078297168734,3.072265386581421,327.996765088,21.59075873029267,65.82613314646555,4.187016919764635,True,148
IFEQAN_SL-(id:185663),0,c1nc2cc3ccccc3cc2n1c1ccc(C(=O)[O])cc1,2.369,5.698790675331809,4.8042860444830735,5.621992827249181,6.554360371993716,5.6698574797644445,2.940812110900879,287.082052592,18.93121431666189,65.94356611894115,4.188799317451205,True,149
IFEPUG_clean-(id:173217),0,c1nc2cc3ccccc3cc2n1c1ccc(C(=O)[O])cc1,2.369,5.698790675331809,4.8042860444830735,5.621992827249181,6.554360371993716,5.6698574797644445,2.940813064575196,287.082052592,18.931232370883382,65.9436290076565,4.188800271125523,True,150
IFEQAN_clean-(id:173218),0,c1nc2cc3ccccc3cc2n1c1ccc(C(=O)[O])cc1,2.369,5.698790675331809,4.8042860444830735,5.621992827249181,6.554360371993716,5.6698574797644445,2.9408133029937744,287.082052592,18.93123688444144,65.94364472984468,4.188800509544101,True,151
IFENOY_clean-(id:177739),0,c1nc2cc3ccccc3cc2n1c1ccc(cc1)C(=O)[O],2.369,5.698790675331809,4.8042860444830735,5.621992827249181,6.554360371993716,5.6698574797644445,2.940814256668091,287.082052592,18.93125493868444,65.94370761863499,4.188801463218418,True,152
IMAGAG_clean-(id:177892),0,C(CNCc1ccncc1)NCc1ccncc1,2.001,5.121092416130447,3.3530858328426536,3.904434039911679,5.380227582952198,4.439709967959244,2.7747395038604736,242.153146576,16.034449539369238,66.2161519108603,4.192924419751967,True,153
LONWIW_clean-(id:179302),0,Oc1c(C(=O)[O])cc(c(c1)C(=O)[O])O,3.342,3.992716551516093,3.4423710648498824,3.649941146308584,3.7281027308373,3.703282873377965,2.564582586288452,196.000787848,12.995232849030115,66.30194190396833,4.194219186415498,True,154
NOSTUM01_clean-(id:180306),0,Oc1c(C(=O)[O])cc(c(C(=O)[O])c1)O,3.342,3.992716551516093,3.4423710648498824,3.649941146308584,3.7281027308373,3.703282873377965,2.5646021366119385,196.000787848,12.9954869125196,66.3032381410512,4.194238736738984,True,155
OSAWEL_clean-(id:180743),0,c1c(C(=O)[O])c(cc(C(=O)[O])c1O)O,3.342,3.992716551516093,3.4423710648498824,3.649941146308584,3.7281027308373,3.703282873377965,2.564605474472046,196.000787848,12.995530289709334,66.30345945235415,4.194242074599091,True,156
OSAWEL_clean-(id:171574),0,c1c(C(=O)[O])c(cc(C(=O)[O])c1O)O,3.342,3.992716551516093,3.4423710648498824,3.649941146308584,3.7281027308373,3.703282873377965,2.564605712890625,196.000787848,12.99553338808557,66.30347526033262,4.194242313017671,True,157
VAGTAA_clean-(id:172447),0,c1c(C(=O)[O])c(cc(C(=O)[O])c1O)O,3.342,3.992716551516093,3.4423710648498824,3.649941146308584,3.7281027308373,3.703282873377965,2.5646092891693115,196.000787848,12.99557986381775,66.30371238046203,4.194245889296357,True,158
VAGTAA_clean-(id:183407),0,c1c(C(=O)[O])c(cc(C(=O)[O])c1O)O,3.342,3.992716551516093,3.4423710648498824,3.649941146308584,3.7281027308373,3.703282873377965,2.5646097660064697,196.000787848,12.9955860605946,66.30374399654336,4.194246366133515,True,159
KIBYAW_charged-(id:170772),1,c1cc(ccn1)CSCc1c(CSCc2ccncc2)cc(CSCc2ccncc2)c(c1)CSCc1ccncc1,2.711,4.429653665732245,4.5327414161506425,5.953167064755189,7.062150676300422,5.494428205734625,3.7348439693450928,626.166631088,41.881490256908656,66.88553521949451,4.20298272880112,True,160
DAPVUM_clean-(id:175359),0,c1n(ccn1)Cc1ccc(Cn2cncc2)cc1,2.14,5.152723375408693,3.84754014074647,4.009711908782739,5.853507596007093,4.715870755236249,2.770313501358032,238.121846448,15.963637847542412,67.03978692282014,4.205286277809888,True,161
DAPWAT_clean-(id:175360),0,c1n(ccn1)Cc1ccc(Cn2cncc2)cc1,2.14,5.152723375408693,3.84754014074647,4.009711908782739,5.853507596007093,4.715870755236249,2.770313739776612,238.121846448,15.963641653570734,67.03980290635283,4.205286516228468,True,162
ALANAD_clean-(id:169181),0,c1c(C(=O)[O])cc(cc1C(=O)[O])n1c(=O)c2cc3c(c(=O)n(c4cc(cc(c4)C(=O)[O])C(=O)[O])c3=O)cc2c1=O,3.34,4.481318300181282,2.353271675522248,3.009275875336372,5.259126233007445,3.775748021011837,3.593466520309448,540.007723696,36.359900046503554,67.33218517254494,4.209638356694813,True,163
XAYMUF_charged-(id:172833),1,c1c(c2cnccn2)nccn1,2.295,4.445483148441075,3.884099148586047,3.026457033021214,5.161470530925454,4.129377465243447,2.371048927307129,158.059246192,10.70861895794596,67.7506644877822,4.215834267649457,True,164
XAYMUF_charged-(id:184536),1,c1c(c2cnccn2)nccn1,2.295,4.445483148441075,3.884099148586047,3.026457033021214,5.161470530925454,4.129377465243447,2.371056318283081,158.059246192,10.708698105383649,67.75116523316468,4.2158416586254095,True,165
c5ce00677e_c5ce00677e2_clean-(id:185759),0,[CH]1C=C(C=CN1CC(=O)[O])C(=O)[O],4.474,3.5653018355214767,3.089027514195844,3.031476336633463,4.304819535719536,3.49765630551758,2.505460739135742,180.029682672,12.249201352311667,68.03989859066048,4.220094277089462,True,166
NUNSOG_clean-(id:180350),0,N(Cc1ccncc1)CCCNCc1ccncc1,2.011,5.025140203750826,3.6616814146695735,3.9236300809944655,5.681357687991588,4.572952346851613,2.8630855083465576,256.16879664,17.515487829268242,68.37479060294439,4.2250041982576665,True,167
NUCCEV_clean-(id:180312),0,[nH]1c(c(c2ccc(C(=O)[O])cc2)c(C)n1)C,2.623,4.8597994705738055,3.9924413777663865,4.524176575238805,5.529263568875924,4.72642024811373,2.6944825649261475,215.082052592,14.797859840264188,68.80099786073269,4.231218248623838,True,168
TUMDAI_clean-(id:182896),0,c1c(C(=O)[O])cc(cc1C(=O)[O])n1c(C)nnc1c1ncccn1,3.21,4.579133037717671,3.089457925493704,3.7700370488636232,5.792207862083388,4.307708968539597,3.119169235229492,323.06545376800005,22.627573641551724,70.04021438268992,4.249069568273759,True,169
WAHMUP_clean-(id:173566),0,C(Cn1cncn1)n1cncn1,2.619,4.59962890227185,3.12785443747477,2.8525878107896347,4.26704646861452,3.7117794047876935,2.4439809322357178,164.08104425599998,11.518805172637672,70.2019250600696,4.251375733163889,True,170
CUKZOY_clean-(id:175205),0,c1nccn1CCCCn1cncc1,2.344,4.769665607145013,3.4730078336495507,3.486494785110815,5.662213068989167,4.347845323723637,2.595782995223999,190.121846448,13.407080933001817,70.51836063810147,4.255873110494023,True,171
SIVSOH_clean-(id:182359),0,c1n(ccn1)CCCCn1ccnc1,2.344,4.769665607145013,3.4730078336495507,3.486494785110815,5.662213068989167,4.347845323723637,2.5958468914031982,190.121846448,13.407937621616922,70.52286663586614,4.255937006673223,True,172
CAWDOU02_clean-(id:169450),0,c1cc(ccn1)c1nnc(c2ccncc2)o1,2.054,5.018275062942221,4.206603917932003,4.1984838637492325,5.740477518657681,4.790960090820284,2.760283231735229,224.069810876,15.80431859898822,70.53301173059103,4.256080851720446,True,173
CAWDOU02_clean-(id:174791),0,c1cc(ccn1)c1nnc(c2ccncc2)o1,2.054,5.018275062942221,4.206603917932003,4.1984838637492325,5.740477518657681,4.790960090820284,2.760283231735229,224.069810876,15.80431859898822,70.53301173059103,4.256080851720446,True,174
YINCEF_clean-(id:185793),0,c1c(C(=O)[O])cc(cc1Oc1ccc(C(=O)[O])cc1)Oc1ccc(cc1)C(=O)[O],2.706,5.447904769238335,4.959992733765612,5.531511597614326,6.265538855861521,5.551236989119948,3.319954633712769,391.045392312,27.659095739571857,70.73116390923674,4.258886266578231,True,175
YINDOQ_clean-(id:185320),0,c1c(C(=O)[O])ccc(c1)Oc1cc(cc(C(=O)[O])c1)Oc1ccc(C(=O)[O])cc1,2.706,5.447904769238335,4.959992733765612,5.531511597614326,6.265538855861521,5.551236989119948,3.3199551105499268,391.045392312,27.6591089284596,70.73119763649194,4.258886743415388,True,176
YINCIJ_clean-(id:185247),0,c1c(cc(cc1Oc1ccc(cc1)C(=O)[O])Oc1ccc(C(=O)[O])cc1)C(=O)[O],2.706,5.447904769238335,4.959992733765612,5.531511597614326,6.265538855861521,5.551236989119948,3.3200252056121826,391.04539231199993,27.661047763372466,70.7361557179602,4.258956838477644,True,177
GEDLIM_clean-(id:170186),0,c1c(C(=O)[O])ccc(c1)n1cnnc1C,2.753,4.026996830523778,3.471215300074838,3.33813269546864,5.538383527664014,4.093682088432818,2.662171125411988,202.061651496,14.327361854455852,70.90589306966778,4.261353548132879,True,178
UDOVUG_charged-(id:172337),0,P(=O)(c1cccc(c1)C(=O)[O])([O])[O],3.648,3.889704901423933,3.2835853251062144,2.8945913125726213,3.926365287784393,3.49856170672179,2.649241209030152,198.979634858,14.143302762325476,71.07914723242263,4.26379400592161,True,179
UDOVOA_clean-(id:182985),0,P(=O)([O])([O])c1cccc(c1)C(=O)[O],3.648,3.889704901423933,3.2835853251062144,2.8945913125726213,3.926365287784393,3.49856170672179,2.6492414474487305,198.979634858,14.14330613435202,71.0791641790139,4.263794244340189,True,180
AXUBAW_clean5b-(id:172986),0,Cc1c(C(=O)[O])c(C)c(c(C(=O)[O])c1C)C,3.099,4.7102335477929005,3.5234469153483614,4.316473443612093,4.996949342090972,4.386775812211082,2.750399351119995,220.073558864,15.648880034270622,71.10749748878847,4.2641927811623805,True,181
AXUBAW_manual-(id:174330),0,Cc1c(C(=O)[O])c(C)c(c(C(=O)[O])c1C)C,3.099,4.7102335477929005,3.5234469153483614,4.316473443612093,4.996949342090972,4.386775812211082,2.7503998279571533,220.073558864,15.648887496239883,71.10753139549358,4.264193257999539,True,182
NACVUI_clean-(id:179936),0,C(C([C](C#N)C#N)(C#N)C#N)C(=O)C,4.116,3.710409443602699,3.5922512898296577,3.740890381739274,4.319642988922695,3.840798526023581,2.5792715549468994,185.04633578,13.187528270214026,71.26608702964303,4.266420576535826,True,183
NACVUI_clean-(id:171254),0,C(C([C](C#N)C#N)(C#N)C#N)C(=O)C,4.116,3.710409443602699,3.5922512898296577,3.740890381739274,4.319642988922695,3.840798526023581,2.5793275833129883,185.04633578,13.18826716657514,71.27008006391739,4.266476604901915,True,184
ODUNEH_clean-(id:180463),0,c1c(C(=O)[O])ccc(c1)c1ccc(cc1)C(=O)[O],2.281,5.265046981795347,4.146257895343153,4.519164203067782,5.5524753526995285,4.870736108226453,2.842907667160034,240.042258736,17.165604909556272,71.51076231304387,4.269847960233437,True,185
GAJVIY_charged-(id:176712),0,c1c(C(=O)[O])ccc(c1)c1ccc(cc1)C(=O)[O],2.281,5.265046981795347,4.146257895343153,4.519164203067782,5.5524753526995285,4.870736108226453,2.8429081439971924,240.042258736,17.165613094756488,71.51079641204068,4.2698484370705945,True,186
ODUNEH_clean-(id:171462),0,c1c(C(=O)[O])ccc(c1)c1ccc(cc1)C(=O)[O],2.281,5.265046981795347,4.146257895343153,4.519164203067782,5.5524753526995285,4.870736108226453,2.8429083824157715,240.042258736,17.16561718735806,71.51081346154518,4.269848675489175,True,187
GAJVIY_charged-(id:170136),0,c1c(C(=O)[O])ccc(c1)c1ccc(cc1)C(=O)[O],2.281,5.265046981795347,4.146257895343153,4.519164203067782,5.5524753526995285,4.870736108226453,2.8429086208343506,240.042258736,17.165621279960604,71.51083051105373,4.269848913907753,True,188
ERULEK_clean-(id:176013),0,c1c(C(=O)[O])ccc(c1)c1ccc(C(=O)[O])cc1,2.281,5.265046981795347,4.146257895343153,4.519164203067782,5.5524753526995285,4.870736108226453,2.842909574508667,240.042258736,17.16563765038055,71.51089870912867,4.269849867582069,True,189
XALDAS_clean-(id:184442),0,c1cc(ccc1c1ccc(C(=O)[O])cc1)C(=O)[O],2.281,5.265046981795347,4.146257895343153,4.519164203067782,5.5524753526995285,4.870736108226453,2.8429105281829834,240.042258736,17.16565402081611,71.51096690726862,4.2698508212563855,True,190
KUBQAA_charged-(id:170825),1,c1cc(ccn1)c1ccncc1,1.643,4.9674436051054,4.443010566679908,4.1451808180748975,5.248093174140868,4.700932041000268,2.4169726371765137,156.068748256,11.211865500241712,71.83927356071864,4.274431312037454,True,191
KOGYIP_clean-(id:178766),0,c1cc(ccn1)c1ccncc1,1.643,4.9674436051054,4.443010566679908,4.1451808180748975,5.248093174140868,4.700932041000268,2.4169728755950928,156.068748256,11.211868173359072,71.83929068853818,4.2744315504560335,True,192
UXUPEJ_clean-(id:172428),0,c1cc(ccn1)c1ccncc1,1.643,4.9674436051054,4.443010566679908,4.1451808180748975,5.248093174140868,4.700932041000268,2.4169728755950928,156.068748256,11.211868173359072,71.83929068853818,4.2744315504560335,True,193
CUPHUS_clean-(id:175222),0,c1cnccc1c1ccncc1,1.643,4.9674436051054,4.443010566679908,4.1451808180748975,5.248093174140868,4.700932041000268,2.4169728755950928,156.068748256,11.211868173359072,71.83929068853818,4.2744315504560335,True,194
UFUQIV_clean-(id:172346),0,c1cc(c2ccncc2)ccn1,1.643,4.9674436051054,4.443010566679908,4.1451808180748975,5.248093174140868,4.700932041000268,2.4169728755950928,156.068748256,11.211868173359072,71.83929068853818,4.2744315504560335,True,195
UFUQIV_clean-(id:183006),0,c1cc(c2ccncc2)ccn1,1.643,4.9674436051054,4.443010566679908,4.1451808180748975,5.248093174140868,4.700932041000268,2.416973114013672,156.068748256,11.211870846477067,71.83930781636185,4.274431788874613,True,196
XOBDUO_clean-(id:184698),0,c1cnccc1c1ccncc1,1.643,4.9674436051054,4.443010566679908,4.1451808180748975,5.248093174140868,4.700932041000268,2.416973114013672,156.068748256,11.211870846477067,71.83930781636185,4.274431788874613,True,197
KIFDIM_clean-(id:178686),0,c1cc(ccn1)c1ccncc1,1.643,4.9674436051054,4.443010566679908,4.1451808180748975,5.248093174140868,4.700932041000268,2.41697359085083,156.068748256,11.211876192714977,71.83934207202141,4.274432265711771,True,198
ZIBRAD_clean-(id:185861),0,c1cc(ccn1)c1ccncc1,1.643,4.9674436051054,4.443010566679908,4.1451808180748975,5.248093174140868,4.700932041000268,2.416973829269409,156.068748256,11.211878865834889,71.83935919985731,4.27443250413035,True,199
UXUNUX_clean-(id:183350),0,c1cc(ccn1)c1ccncc1,1.643,4.9674436051054,4.443010566679908,4.1451808180748975,5.248093174140868,4.700932041000268,2.4169766902923584,156.068748256,11.211910943323511,71.83956473420666,4.274435365153299,True,200
UXUNUX_clean-(id:172427),0,c1cc(ccn1)c1ccncc1,1.643,4.9674436051054,4.443010566679908,4.1451808180748975,5.248093174140868,4.700932041000268,2.416976928710937,156.068748256,11.211913616451705,71.8395818620956,4.274435603571877,True,201
UXUPIN_clean-(id:172429),0,c1cc(ccn1)c1ccncc1,1.643,4.9674436051054,4.443010566679908,4.1451808180748975,5.248093174140868,4.700932041000268,2.416976928710937,156.068748256,11.211913616451705,71.8395818620956,4.274435603571877,True,202
UXUPEJ_clean-(id:183351),0,c1cc(ccn1)c1ccncc1,1.643,4.9674436051054,4.443010566679908,4.1451808180748975,5.248093174140868,4.700932041000268,2.416977643966675,156.068748256,11.211921635840117,71.83963324578711,4.274436318827616,True,203
CAXVOO_clean-(id:174798),0,c1c(C(=O)[O])c(cc(C(=O)[O])c1[O])[O],4.43,4.451926850721622,3.929723152819262,3.7773687404222063,4.673352211103305,4.208092738766599,2.6383793354034424,193.985137784,13.990511298040554,72.12156280559395,4.278353067617723,True,204
WOPSAX02_clean-(id:184246),0,c1c(c(C(=O)[O])cc(c1C(=O)[O])[O])[O],4.43,4.451926850721622,3.929723152819262,3.7773687404222063,4.673352211103305,4.208092738766599,2.6383869647979736,193.985137784,13.990618037578118,72.12211305154983,4.278360697012254,True,205
COKQOK_clean-(id:175103),0,c1c(c(C(=O)[O])cc(c1C(=O)[O])[O])[O],4.43,4.451926850721622,3.929723152819262,3.7773687404222063,4.673352211103305,4.208092738766599,2.6383872032165527,193.985137784,13.990621373201789,72.12213024680358,4.278360935430833,True,206
VOGTIV_clean_h-(id:183717),0,c1c(C(=O)[O])c(cc(C(=O)[O])c1[O])[O],4.43,4.451926850721622,3.929723152819262,3.7773687404222063,4.673352211103305,4.208092738766599,2.6383872032165527,193.985137784,13.990621373201789,72.12213024680358,4.278360935430833,True,207
OZULAY_clean-(id:180874),0,c1c(c(C(=O)[O])cc(c1C(=O)[O])[O])[O],4.43,4.451926850721622,3.929723152819262,3.7773687404222063,4.673352211103305,4.208092738766599,2.6383872032165527,193.985137784,13.990621373201789,72.12213024680358,4.278360935430833,True,208
OZUKUR_clean-(id:180872),0,c1c(c(C(=O)[O])cc(c1C(=O)[O])[O])[O],4.43,4.451926850721622,3.929723152819262,3.7773687404222063,4.673352211103305,4.208092738766599,2.63838791847229,193.985137784,13.990631380077572,72.12218183258948,4.278361650686571,True,209
CAXVOO_clean-(id:169456),0,c1c(C(=O)[O])c(cc(C(=O)[O])c1[O])[O],4.43,4.451926850721622,3.929723152819262,3.7773687404222063,4.673352211103305,4.208092738766599,2.63838791847229,193.985137784,13.990631380077572,72.12218183258948,4.278361650686571,True,210
WOPSOL01_clean-(id:184248),0,c1c(c(C(=O)[O])cc(c1C(=O)[O])[O])[O],4.43,4.451926850721622,3.929723152819262,3.7773687404222063,4.673352211103305,4.208092738766599,2.6383893489837646,193.985137784,13.990651393850616,72.12228500427197,4.278363081198045,True,211
WOPSAX_clean-(id:184244),0,c1c(c(C(=O)[O])cc(c1C(=O)[O])[O])[O],4.43,4.451926850721622,3.929723152819262,3.7773687404222063,4.673352211103305,4.208092738766599,2.638391256332397,193.985137784,13.990678078925866,72.12242256674482,4.278364988546677,True,212
SOYFUJ_clean-(id:182452),0,c1nncn1/N=C/c1cccnc1,2.71,4.753025932840308,3.308746104990142,3.0022999598582683,4.793830147354862,3.964475536260896,2.538454532623291,173.070145224,12.66009008770645,73.15005179732668,4.292512835563309,True,213
HIFZAY_charged-(id:177311),1,c1cc(cnn1)c1ccnnc1,2.685,4.501061538798542,3.926823786175372,3.199169237953001,5.127951332445988,4.188751473843226,2.4515388011932373,158.059246192,11.606192608098672,73.4293809929995,4.296324141535566,True,214
WILGEE_charged-(id:184132),1,c1cc(cnn1)c1ccnnc1,2.685,4.501061538798542,3.926823786175372,3.199169237953001,5.127951332445988,4.188751473843226,2.4515392780303955,158.059246192,11.606198142363892,73.4294160068652,4.296324618372724,True,215
WILGEE_charged-(id:172711),1,c1cc(cnn1)c1ccnnc1,2.685,4.501061538798542,3.926823786175372,3.199169237953001,5.127951332445988,4.188751473843226,2.4515392780303955,158.059246192,11.606198142363892,73.4294160068652,4.296324618372724,True,216
HIFZAY_charged-(id:170428),1,c1cc(cnn1)c1ccnnc1,2.685,4.501061538798542,3.926823786175372,3.199169237953001,5.127951332445988,4.188751473843226,2.451540231704712,158.059246192,11.60620921090225,73.42948603464671,4.29632557204704,True,217
MUNDOQ_clean-(id:179879),0,c1c(cc(cn1)c1ccc(cc1)C(=O)[O])C(=O)[O],2.715,4.74291013968791,3.9163156129934222,4.08460437362265,5.598832082064988,4.585665552092243,2.8739750385284424,241.037507704,17.707265552176775,73.46269765584256,4.296777762503025,True,218
PAPPIH_clean-(id:180914),0,c1c(cccn1)NC(=O)[C@H](CC(C)C)NC(=O)c1cnccc1,2.425,4.6376632389559465,3.773369957820785,4.113496548706404,5.441286904887876,4.491454162592753,3.137787342071533,312.15862588,23.052802419440884,73.84964088194968,4.302031146161905,True,219
PAPPIH_clean-(id:171628),0,c1c(cccn1)NC(=O)[C@H](CC(C)C)NC(=O)c1cnccc1,2.425,4.6376632389559465,3.773369957820785,4.113496548706404,5.441286904887876,4.491454162592753,3.1377875804901123,312.15862588,23.052807915657933,73.84965848907822,4.302031384580484,True,220
DOTFID_clean-(id:175564),0,c1cc(ccn1)C(=O)OCc1cc(COC(=O)c2ccncc2)cc(COC(=O)c2ccncc2)c1,2.244,4.854878656910118,4.661231535964849,5.698701351346232,7.03974880910109,5.5636400883305726,3.580043077468872,483.143035392,35.875086221687106,74.25355141998416,4.307485607111141,True,221
YOYQOU_clean-(id:185590),0,c1c(cc(cc1C(=O)[O])n1cnc2c1cccc2)n1cnc2c1cccc2,2.612,4.97806687780998,4.846116078678015,5.740162267018571,6.7625003847465655,5.5817114020632825,3.2690255641937256,353.103850656,26.285713119681425,74.44187615300018,4.3100186350163625,True,222
MIFQOJ_clean-(id:171135),0,c1c(cc(cc1C(=O)[O])n1cnc2ccccc12)n1cnc2ccccc12,2.612,4.97806687780998,4.846116078678015,5.740162267018571,6.7625003847465655,5.5817114020632825,3.2690322399139404,353.103850656,26.285888596333574,74.44237310779641,4.310025310736577,True,223
MIFQOJ_clean-(id:179673),0,c1c(cc(cc1C(=O)[O])n1cnc2ccccc12)n1cnc2ccccc12,2.612,4.97806687780998,4.846116078678015,5.740162267018571,6.7625003847465655,5.5817114020632825,3.269221067428589,353.103850656,26.29085256399964,74.45643120333074,4.310214138251226,True,224
RAFNUH01_clean-(id:181704),0,c1c(ccc(c1)c1ccc(cc1)C#N)C#N,1.619,5.768448243335191,4.532768900525813,5.598796507639902,5.081951704753987,5.245491339063723,2.724066972732544,204.068748256,15.242185915255366,74.69142651933339,4.313365313387731,True,225
ZIHFUR_clean-(id:185562),0,c1c(ccc(c1)c1ccc(cc1)C#N)C#N,1.619,5.768448243335191,4.532768900525813,5.598796507639902,5.081951704753987,5.245491339063723,2.724067449569702,204.068748256,15.242193183297717,74.69146213498944,4.313365790224889,True,226
RAFNIV_clean-(id:181702),0,c1c(ccc(c1)c1ccc(cc1)C#N)C#N,1.619,5.768448243335191,4.532768900525813,5.598796507639902,5.081951704753987,5.245491339063723,2.724067449569702,204.068748256,15.242193183297717,74.69146213498944,4.313365790224889,True,227
ZIHFUR01_clean-(id:185641),0,c1c(ccc(c1)c1ccc(cc1)C#N)C#N,1.619,5.768448243335191,4.532768900525813,5.598796507639902,5.081951704753987,5.245491339063723,2.724087715148926,204.068748256,15.242502078301172,74.69297581607043,4.313386055804113,True,228
FEVVIM_charged-(id:170027),0,CC(=O)NCCCCCCNC(=O)C,1.798,3.725322207101941,2.91567086496237,3.692919280501524,5.048029240227226,3.8454853981982655,2.705806970596313,200.15247788,14.966389254830329,74.77493865353652,4.314482784101586,True,229
FEVVIM_charged-(id:176372),0,CC(=O)NCCCCCCNC(=O)C,1.798,3.725322207101941,2.91567086496237,3.692919280501524,5.048029240227226,3.8454853981982655,2.705806970596313,200.15247788,14.966389254830329,74.77493865353652,4.314482784101586,True,230
FIWJIG_clean-(id:176497),0,N([C@H](C(=O)[O])[C]1[CH][CH]1)Cc1ccc(cc1)CN[C@H](C(=O)[O])CC(C)C.[CH]C.[H].[H].[CH].[H].C,4.52,4.66863399942487,3.383313614404348,4.298792010748993,5.3453925116155245,4.424033034048434,3.408923864364624,403.2596826000001,30.232692269858607,74.97077832064583,4.317098415222397,True,231
PUQYAC_clean-(id:181260),0,c1c(C(=O)[O])ccc(c1)C(C(F)(F)F)(c1ccc(C(=O)[O])cc1)C(F)(F)F,2.85,5.187717786900556,4.835346353960375,5.567229334810005,6.184636022464886,5.443732374533956,3.378605365753174,390.032678056,29.329838179909068,75.19841241532578,4.320130119234616,True,232
XOQXEH_clean-(id:184753),0,c1c(C(=O)[O])ccc(c1)C(C(F)(F)F)(C(F)(F)F)c1ccc(C(=O)[O])cc1,2.85,5.187717786900556,4.835346353960375,5.567229334810005,6.184636022464886,5.443732374533956,3.378606081008911,390.032678056,29.329859158251605,75.19846620144094,4.320130834490353,True,233
KAFTUI_clean-(id:178530),0,c1c(C(c2ccc(C(=O)[O])cc2)(C(F)(F)F)C(F)(F)F)ccc(C(=O)[O])c1,2.85,5.187717786900556,4.835346353960375,5.567229334810005,6.184636022464886,5.443732374533956,3.378606081008911,390.032678056,29.329859158251605,75.19846620144094,4.320130834490353,True,234
VUKHOZ_clean-(id:172581),0,c1c(C(=O)[O])ccc(c1)C(C(F)(F)F)(C(F)(F)F)c1ccc(C(=O)[O])cc1,2.85,5.187717786900556,4.835346353960375,5.567229334810005,6.184636022464886,5.443732374533956,3.3786065578460693,390.032678056,29.32987314382163,75.1985020588724,4.320131311327511,True,235
KAFTUI_clean-(id:170713),0,c1c(C(c2ccc(C(=O)[O])cc2)(C(F)(F)F)C(F)(F)F)ccc(C(=O)[O])c1,2.85,5.187717786900556,4.835346353960375,5.567229334810005,6.184636022464886,5.443732374533956,3.3786115646362305,390.032678056,29.33001999270953,75.19887856293518,4.320136318117672,True,236
VEGXIQ_clean-(id:172506),0,c1c(C(=O)[O])ccc(c1)C(C(F)(F)F)(C(F)(F)F)c1ccc(cc1)C(=O)[O],2.85,5.187717786900556,4.835346353960375,5.567229334810005,6.184636022464886,5.443732374533956,3.3786137104034424,390.032678056,29.33008292817228,75.1990399223963,4.320138463884884,True,237
VEGXIQ01_clean-(id:172505),0,c1c(C(=O)[O])ccc(c1)C(C(F)(F)F)(C(F)(F)F)c1ccc(cc1)C(=O)[O],2.85,5.187717786900556,4.835346353960375,5.567229334810005,6.184636022464886,5.443732374533956,3.3786141872406006,390.032678056,29.330096913849008,75.19907578010134,4.3201389407220425,True,238
PUQYAC_clean-(id:171772),0,c1c(C(=O)[O])ccc(c1)C(C(F)(F)F)(c1ccc(C(=O)[O])cc1)C(F)(F)F,2.85,5.187717786900556,4.835346353960375,5.567229334810005,6.184636022464886,5.443732374533956,3.378615617752075,390.032678056,29.330138870919207,75.19918335331907,4.320140371233517,True,239
VEGXIQ01_clean-(id:183547),0,c1c(C(=O)[O])ccc(c1)C(C(F)(F)F)(C(F)(F)F)c1ccc(cc1)C(=O)[O],2.85,5.187717786900556,4.835346353960375,5.567229334810005,6.184636022464886,5.443732374533956,3.3786284923553467,390.032678056,29.33051648725189,75.20015151920344,4.320153245836789,True,240
VUKHOZ_clean-(id:183799),0,c1c(C(=O)[O])ccc(c1)C(C(F)(F)F)(C(F)(F)F)c1ccc(C(=O)[O])cc1,2.85,5.187717786900556,4.835346353960375,5.567229334810005,6.184636022464886,5.443732374533956,3.3786308765411377,390.032678056,29.33058641673591,75.20033081054991,4.32015563002258,True,241
AXOCEW_clean-(id:172985),0,c1c(C(=O)[O])ccc(c1)C(C(F)(F)F)(C(F)(F)F)c1ccc(cc1)C(=O)[O],2.85,5.187717786900556,4.835346353960375,5.567229334810005,6.184636022464886,5.443732374533956,3.378631830215454,390.032678056,29.330614388576198,75.20040252720818,4.320156583696896,True,242
VEGXIQ_clean-(id:183546),0,c1c(C(=O)[O])ccc(c1)C(C(F)(F)F)(C(F)(F)F)c1ccc(cc1)C(=O)[O],2.85,5.187717786900556,4.835346353960375,5.567229334810005,6.184636022464886,5.443732374533956,3.3786323070526123,390.032678056,29.330628374506343,75.20043838556298,4.320157060534054,True,243
NIYZIG_clean-(id:180235),0,P(=O)(c1ccc(cc1)C(=O)[O])(c1ccc(C(=O)[O])cc1)c1ccc(C(=O)[O])cc1,3.064,4.704701523109209,3.926824865422924,3.994023678476488,4.889456551597728,4.378751654651587,3.429044723510742,407.032064354,30.847161102595187,75.7855800661618,4.327908037956878,True,244
AVITUU_clean-(id:174273),0,c1cc(ccn1)c1c(c2ccncc2)c(c(c2ccncc2)s1)c1ccncc1,2.26,4.51397866831997,4.836124707790467,5.834879025477148,7.413700626455732,5.6496707570108295,3.392607450485229,392.10956751200007,29.743405706127817,75.85483285923023,4.328821419773072,True,245
WONZUV_clean-(id:184237),0,c1cc(ccn1)c1ccc(cc1)c1ccncc1,1.4,5.751549420841582,4.792891639476696,5.176785126081747,6.31191840676566,5.508286148291421,2.8717191219329834,232.100048384,17.66736446164549,76.1196069740389,4.332305879172881,True,246
WONZUV_clean-(id:172736),0,c1cc(ccn1)c1ccc(cc1)c1ccncc1,1.4,5.751549420841582,4.792891639476696,5.176785126081747,6.31191840676566,5.508286148291421,2.8717215061187744,232.100048384,17.667406583975016,76.1197884575406,4.332308263358672,True,247
KUKQAK_clean-(id:178878),0,c1nncn1c1ccc(cc1)C(=O)[O],2.696,4.488930253142686,3.756076482460729,3.1066118054407057,5.456183993800644,4.201950633711191,2.662022352218628,188.046001432,14.325230485629548,76.17939427874379,4.333091009834072,True,248
AQAJEI_clean-(id:174127),0,c1nncn1c1ccc(cc1)C(=O)[O],2.696,4.488930253142686,3.756076482460729,3.1066118054407057,5.456183993800644,4.201950633711191,2.662030935287476,188.046001432,14.325353440596734,76.18004813453572,4.33309959290292,True,249
KUKPOX_clean-(id:178876),0,c1c(ccc(c1)n1cnnc1)C(=O)[O],2.696,4.488930253142686,3.756076482460729,3.1066118054407057,5.456183993800644,4.201950633711191,2.662031888961792,188.046001432,14.325367102324892,76.18012078552566,4.333100546577235,True,250
ZESZEE_clean-(id:173826),0,c1c(C(=O)[O])ccc(c1)C(=O)c1ccc(cc1)C(=O)[O],2.231,5.348133403312194,4.062426301479181,4.238969582786812,5.623514940009848,4.818261056897009,3.0166640281677246,268.037173356,20.423047206444668,76.194831301699,4.333293629705631,True,251
XANNAB_clean-(id:184480),0,c1c(cccc1)Sc1c(c(c(c(c1Sc1ccccc1)Sc1ccccc1)Sc1ccccc1)Sc1ccccc1)Sc1ccccc1,2.226,4.572270339835115,4.713733157849688,5.321376320924265,6.411714274541621,5.254773523287673,4.025774955749512,726.0671769600001,56.02370785780374,77.16050199703513,4.345887693939578,True,252
XUKHUI_clean-(id:184826),0,c1c(C(=O)[O])cc(cc1C(=O)[O])NCc1ccc(CNc2cc(cc(C(=O)[O])c2)C(=O)[O])cc1,3.091,5.1003961983820645,4.268226509452117,4.990725326525947,6.244895743060895,5.151060944355256,3.57569432258606,460.0906654719999,35.71941300298084,77.63559594571834,4.35202603265431,True,253
MADVUJ_clean-(id:179452),0,c1cc2ccc1CSCc1ccc(cc1)CSC2,4.388,5.124648393952799,4.699031408243051,5.608563537734358,5.728368094902309,5.290152858708129,3.051017999649048,272.069342512,21.13685078062748,77.68920447071396,4.352716309119891,True,254
MADWAQ_clean-(id:171059),0,c1cc2ccc1CSCc1ccc(cc1)CSC2,4.388,5.124648393952799,4.699031408243051,5.608563537734358,5.728368094902309,5.290152858708129,3.051020383834839,272.069342512,21.136901174866853,77.68938969643219,4.352718693305682,True,255
MADWAQ_clean-(id:179453),0,c1cc2ccc1CSCc1ccc(cc1)CSC2,4.388,5.124648393952799,4.699031408243051,5.608563537734358,5.728368094902309,5.290152858708129,3.0510237216949463,272.069342512,21.136971727003825,77.6896490131796,4.352722031165789,True,256
MADVUJ_clean-(id:171058),0,c1cc2ccc1CSCc1ccc(cc1)CSC2,4.388,5.124648393952799,4.699031408243051,5.608563537734358,5.728368094902309,5.290152858708129,3.05102801322937,272.069342512,21.13706243724025,77.68998242169813,4.352726322700213,True,257
ZAHLEC_clean-(id:185148),0,c1n(ccn1)c1ccc(C(=O)[O])cc1,2.46,4.705585524116689,3.960993071477059,3.709131385187325,5.521835934344228,4.474386478781325,2.678971767425537,187.050752464,14.570104135344572,77.89385470742093,4.355347062825567,True,258
GALCAZ_clean-(id:170144),0,c1c(C(=O)[O])ccc(c2ccncc2)n1,2.369,4.904823846836584,4.072264818220443,4.081401344116811,5.626762884091869,4.671313223316427,2.7417471408843994,199.050752464,15.514066691970422,77.94025644176487,4.355942590151043,True,259
HATZOS_clean-(id:177190),0,c1c(cccn1)C(=O)c1ccccn1,1.863,4.803744393683689,4.05450376342586,3.912349469909696,5.338456894985484,4.527263630501182,2.6670901775360107,184.063662876,14.39801251890662,78.22300335621524,4.359563764859941,True,260
UMOVEZ03_clean-(id:183191),0,c1c(C(=O)[O])ccc(c1)c1cc(cc(c2ccc(C(=O)[O])cc2)c1OC)c1cc(c2ccc(C(=O)[O])cc2)c(c(c2ccc(C(=O)[O])cc2)c1)OC,3.027,5.09209345362743,4.908857873187691,5.516400952618188,7.593461043320167,5.777703330688369,3.990067720413208,690.152597032,54.05855010672232,78.32840206528384,4.360910271136388,True,261
UMOVEZ04_clean-(id:183192),0,c1c(C(=O)[O])ccc(c1)c1cc(cc(c2ccc(C(=O)[O])cc2)c1OC)c1cc(c2ccc(C(=O)[O])cc2)c(c(c2ccc(C(=O)[O])cc2)c1)OC,3.027,5.09209345362743,4.908857873187691,5.516400952618188,7.593461043320167,5.777703330688369,3.990112066268921,690.152597032,54.060947432540736,78.33187568231973,4.3609546169921005,True,262
MARNUR_clean-(id:179561),0,c1c(cc(cc1C(=O)[O])C(=O)[O])n1c(c2ccc(cc2)C(=O)[O])nnc1C,3.189,4.857020499114948,3.759572509978015,4.193240516287437,6.044768457682123,4.713650495765631,3.3549559116363525,364.05696004,28.64434128073217,78.6809329990146,4.365400851597661,True,263
KIYQEQ_clean-(id:178744),0,c1c(C(=O)[O])ncc(c1)C(=O)[O],3.219,4.25169745856318,3.527162160310865,3.7792011778159664,4.328086889956808,3.9715369216617047,2.56820011138916,165.006207576,13.042328563656149,79.0414418660522,4.369972295505667,True,264
IGINIX_clean-(id:177769),0,c1c(C(=O)[O])ncc(c1)C(=O)[O],3.219,4.25169745856318,3.527162160310865,3.7792011778159664,4.328086889956808,3.9715369216617047,2.5682621002197266,165.006207576,13.043137067410512,79.04634170446582,4.370034284336233,True,265
KAYBIX_clean-(id:178591),0,c1c(C(=O)[O])ncc(c1)C(=O)[O],3.219,4.25169745856318,3.527162160310865,3.7792011778159664,4.328086889956808,3.9715369216617047,2.5682623386383057,165.006207576,13.04314017713709,79.04636055058452,4.370034522754812,True,266
KIYQIU_clean-(id:178745),0,c1c(cnc(C(=O)[O])c1)C(=O)[O],3.219,4.25169745856318,3.527162160310865,3.7792011778159664,4.328086889956808,3.9715369216617047,2.5682623386383057,165.006207576,13.04314017713709,79.04636055058452,4.370034522754812,True,267
FAPYEA04_clean-(id:173120),0,c1c(c(C)cc(c1C)[N]C#N)[N]C#N,3.97,4.072255770656232,4.026076658485944,4.602050936727484,4.603756447956184,4.32603495345646,2.683924913406372,184.074896256,14.64245101249374,79.54615925536051,4.376337472730247,True,268
UMOYOM03_clean-(id:183199),0,c1c(C(=O)[O])ccc(c1)c1cc(cc(c2ccc(C(=O)[O])cc2)c1OC1([C][C])[C][C]1)c1cc(c2ccc(C(=O)[O])cc2)c(c(c2ccc(C(=O)[O])cc2)c1)OC1([C][C])[C][C]1,4.455,4.953518403446341,4.876020308874033,6.697761027659307,7.452055148110222,5.994838722022476,4.131879806518555,780.10564684,62.29491532668317,79.85446019910671,4.380205730322189,True,269
UMOYOM14_clean-(id:183210),0,c1c(C(=O)[O])ccc(c1)c1cc(cc(c2ccc(C(=O)[O])cc2)c1OC1([C][C])[C][C]1)c1cc(c2ccc(C(=O)[O])cc2)c(c(c2ccc(C(=O)[O])cc2)c1)OC1([C][C])[C][C]1,4.455,4.953518403446341,4.876020308874033,6.697761027659307,7.452055148110222,5.994838722022476,4.131880760192871,780.10564684,62.294974735772286,79.85453635429076,4.380206683996505,True,270
UMOYOM04_clean-(id:183200),0,c1c(C(=O)[O])ccc(c1)c1cc(cc(c2ccc(C(=O)[O])cc2)c1OC1([C][C])[C][C]1)c1cc(c2ccc(C(=O)[O])cc2)c(c(c2ccc(C(=O)[O])cc2)c1)OC1([C][C])[C][C]1,4.455,4.953518403446341,4.876020308874033,6.697761027659307,7.452055148110222,5.994838722022476,4.131881237030029,780.10564684,62.29500444033809,79.85457443191002,4.380207160833663,True,271
XOXMED_clean-(id:172951),0,c1c(C(=O)[O])cc(c(c1C)N1C(=O)c2c3c(C1=O)ccc1c3c(cc2)C(=O)N(C1=O)c1c(cc(cc1C)C(=O)[O])C)C,3.056,5.007365718698641,4.827948700512644,6.729867510074867,7.643468079047281,6.052162502083358,3.801316261291504,560.1219656,44.760061672509096,79.9112772243494,4.380916984544204,True,272
TUPDOZ_clean-(id:182910),0,c1c(C(=O)[O])ccc(c1)n1cncn1,2.464,4.488930253142686,3.756076482460729,3.1066118054407057,5.456183993800644,4.201950633711191,2.710043907165528,188.046001432,15.02993542225042,79.92690781933723,4.381112564780971,True,273
YEVQOG_clean-(id:173719),0,CC1=NN=C([C]1C1=C(C)N=N[C]1C)C,4.111,4.155665075342984,4.334102689441271,5.0845559811050505,5.263591112774607,4.709478714665978,2.710438966751098,188.106196384,15.035874315340566,79.93290281967285,4.381187568001787,True,274
YEYVOO_manual-(id:185844),0,CC1=NN=C(C)[C]1C1=C(N=N[C]1C)C,4.111,4.155665075342984,4.334102689441271,5.0845559811050505,5.263591112774607,4.709478714665978,2.710440158843994,188.106196384,15.035892239510206,79.93299810717524,4.381188760094682,True,275
YEVQUM_manual-(id:185371),0,CC1=NN=C(C)[C]1C1=C(N=N[C]1C)C,4.111,4.155665075342984,4.334102689441271,5.0845559811050505,5.263591112774607,4.709478714665978,2.7104408740997314,188.106196384,15.03590299402224,79.93305527973118,4.38118947535042,True,276
YEYVOO_clean5b-(id:173725),0,CC1=NN=C(C)[C]1C1=C(N=N[C]1C)C,4.111,4.155665075342984,4.334102689441271,5.0845559811050505,5.263591112774607,4.709478714665978,2.7104413509368896,188.106196384,15.035910163701203,79.9330933947912,4.381189952187578,True,277
YEVQUM_clean5b-(id:173720),0,CC1=NN=C(C)[C]1C1=C(N=N[C]1C)C,4.111,4.155665075342984,4.334102689441271,5.0845559811050505,5.263591112774607,4.709478714665978,2.710441827774048,188.106196384,15.035917333383589,79.93313150986938,4.381190429024736,True,278
YEVQOG_clean-(id:184935),0,CC1=NN=C([C]1C1=C(C)N=N[C]1C)C,4.111,4.155665075342984,4.334102689441271,5.0845559811050505,5.263591112774607,4.709478714665978,2.710442066192627,188.106196384,15.03592091822606,79.9331505674153,4.381190667443315,True,279
TUMQID_clean-(id:182899),0,c1c(C(=O)[O])cc(cc1C(=O)[O])n1cnnc1c1ccccn1,3.132,4.92743407153212,3.376692922443639,3.9126239384573447,5.497442402581434,4.428548333753635,3.2052316665649414,308.05455473600006,24.66121253312598,80.05469211211766,4.382710052492187,True,280
HEBTEP_clean-(id:170386),0,c1c(c2c(c(c1)C(=O)[O])cccc2)C(=O)[O],2.691,5.327731101270068,4.3410610236676295,4.522533583077046,5.132735913602616,4.83101540540434,2.843287229537964,214.026608672,17.172121564034544,80.23358249978702,4.384942161638991,True,281
QATLEE_clean-(id:181360),0,c1c(c2c(c(c1)C(=O)[O])cccc2)C(=O)[O],2.691,5.327731101270068,4.3410610236676295,4.522533583077046,5.132735913602616,4.83101540540434,2.843291521072388,214.026608672,17.172195258943503,80.23392682570713,4.384946453173415,True,282
JUVWUU_clean-(id:178504),0,c1c(c2c(c(C(=O)[O])c1)cccc2)C(=O)[O],2.691,5.327731101270068,4.3410610236676295,4.522533583077046,5.132735913602616,4.83101540540434,2.843291521072388,214.026608672,17.172195258943503,80.23392682570713,4.384946453173415,True,283
cm0623918si20061006_115210_clean-(id:185579),1,c1c2c(C(=O)[O])ccc(C(=O)[O])c2ccc1,2.691,5.327731101270068,4.3410610236676295,4.522533583077046,5.132735913602616,4.83101540540434,2.843291759490967,214.026608672,17.17219935311438,80.2339459549682,4.384946691591993,True,284
WOJJOV_SL-(id:185668),0,c1c(C(=O)[O])c2ccccc2c(C(=O)[O])c1,2.691,5.327731101270068,4.3410610236676295,4.522533583077046,5.132735913602616,4.83101540540434,2.843291997909546,214.026608672,17.172203447286236,80.23396508423387,4.384946930010572,True,285
QATLEE_clean-(id:171801),0,c1c(c2c(c(c1)C(=O)[O])cccc2)C(=O)[O],2.691,5.327731101270068,4.3410610236676295,4.522533583077046,5.132735913602616,4.83101540540434,2.8432931900024414,214.026608672,17.172223918160167,80.23406073063065,4.384948122103468,True,286
DITYOW_clean-(id:175486),0,C(C(=O)[O])n1cnnn1,3.314,4.128943284263983,3.405420905344318,3.240322593528288,4.033926562160018,3.702153336324152,2.3246777057647705,127.025600336,10.22338461683766,80.48286793996971,4.388044341153502,True,287
BUPDUM_clean-(id:174665),0,N1C(=N[N]C1=S)N,4.7,4.033053076633069,3.1441231453483454,3.2517380620726075,3.954708291459038,3.595905643878265,2.2261502742767334,115.007842096,9.26413297127891,80.55218498531518,4.388905235081468,True,288
DUPKAC_clean-(id:185695),0,c1cc(c2cc(ccc2)c2ccc(cc2)C(=O)[O])ccc1C(=O)[O],2.251,5.878935782087465,5.060417519158406,5.835606382075565,6.456549373756066,5.807877264269376,3.237635612487793,316.07355886399995,25.47342144923937,80.59333257990133,4.389415923757171,True,289
KAWBOB_clean-(id:178586),0,C(CC(=O)[O])n1c(=O)n(c(=O)n(c1=O)CCC(=O)[O])CCC(=O)[O],3.248,3.323310872995329,2.0822313618062025,3.517115305556928,4.073360435676839,3.2490044940088243,3.317286252975464,342.057353964,27.58538912368029,80.64550814067144,4.390063107306223,True,290
KAWBOB_clean-(id:170736),0,C(CC(=O)[O])n1c(=O)n(c(=O)n(c1=O)CCC(=O)[O])CCC(=O)[O],3.248,3.323310872995329,2.0822313618062025,3.517115305556928,4.073360435676839,3.2490044940088243,3.317286252975464,342.057353964,27.58538912368029,80.64550814067144,4.390063107306223,True,291
EXOZIB_clean-(id:176149),0,C(C(=O)[O])Cn1c(=O)n(CCC(=O)[O])c(=O)n(c1=O)CCC(=O)[O],3.248,3.323310872995329,2.0822313618062025,3.517115305556928,4.073360435676839,3.2490044940088243,3.3172876834869385,342.057353964,27.585428584924188,80.64562350507872,4.390064537817697,True,292
WISTID_clean-(id:184153),0,c1cc(C(=O)[O])cc(c2c(ccc(c2)C(=O)[O])C(=O)[O])c1C(=O)[O],3.365,4.275687812119882,3.6397484690791018,3.652167057934368,5.374189800463324,4.235448284899169,3.2723371982574463,326.006267152,26.372906078537586,80.89692970914957,4.393175871665024,True,293
LUFNEG_clean-(id:171007),0,c1c(C(=O)[O])cc(cc1C(=O)[O])NCc1ccncc1,2.818,4.566660232995388,3.7248430273929793,4.062600173417062,5.598286721229701,4.488097538758782,3.084653377532959,270.0640568,21.85988840027549,80.94334603165709,4.393749478248029,True,294
LUFNEG_clean-(id:179359),0,c1c(C(=O)[O])cc(cc1C(=O)[O])NCc1ccncc1,2.818,4.566660232995388,3.7248430273929793,4.062600173417062,5.598286721229701,4.488097538758782,3.084653377532959,270.0640568,21.85988840027549,80.94334603165709,4.393749478248029,True,295
LUFNAC05_clean-(id:171005),0,N(c1cc(cc(C(=O)[O])c1)C(=O)[O])Cc1ccncc1,2.818,4.566660232995388,3.7248430273929793,4.062600173417062,5.598286721229701,4.488097538758782,3.084680318832397,270.0640568,21.86047734200796,80.94552677995601,4.393776419547468,True,296
LUFNAC04_clean-(id:179357),0,N(c1cc(cc(C(=O)[O])c1)C(=O)[O])Cc1ccncc1,2.818,4.566660232995388,3.7248430273929793,4.062600173417062,5.598286721229701,4.488097538758782,3.0846827030181885,270.0640568,21.860529461509564,80.94571976936089,4.393778803733259,True,297
VARJAB_clean-(id:183474),1,c1cc(ccc1[C](C#N)C#N)[C](C#N)C#N,3.463,4.575974104499888,4.1513850079205845,4.76543918316812,4.594096478002748,4.521723693397835,2.80719256401062,204.043596128,16.563352332555908,81.17555584623904,4.39661416547072,True,298
FAKLIO_clean-(id:176213),0,c1cc(ccc1[C](C#N)C#N)[C](C#N)C#N,3.463,4.575974104499888,4.1513850079205845,4.76543918316812,4.594096478002748,4.521723693397835,2.80719256401062,204.043596128,16.563352332555908,81.17555584623904,4.39661416547072,True,299
ZUQBUK_clean-(id:185156),1,c1cc(ccc1[C](C#N)C#N)[C](C#N)C#N,3.463,4.575974104499888,4.1513850079205845,4.76543918316812,4.594096478002748,4.521723693397835,2.807192802429199,204.043596128,16.56335628156731,81.17557520000204,4.396614403889299,True,300
FAKLUA_clean-(id:176215),0,c1cc(ccc1[C](C#N)C#N)[C](C#N)C#N,3.463,4.575974104499888,4.1513850079205845,4.76543918316812,4.594096478002748,4.521723693397835,2.807192802429199,204.043596128,16.56335628156731,81.17557520000204,4.396614403889299,True,301
FAKLIO_clean-(id:169947),0,c1cc(ccc1[C](C#N)C#N)[C](C#N)C#N,3.463,4.575974104499888,4.1513850079205845,4.76543918316812,4.594096478002748,4.521723693397835,2.8071932792663574,204.043596128,16.56336417959293,81.17561390754187,4.396614880726458,True,302
QUQQOJ_clean-(id:181654),0,c1c([C](C#N)C#N)ccc([C](C#N)C#N)c1,3.463,4.575974104499888,4.1513850079205845,4.76543918316812,4.594096478002748,4.521723693397835,2.8071932792663574,204.043596128,16.56336417959293,81.17561390754187,4.396614880726458,True,303
EHIJAH_clean-(id:173086),0,c1c(C(=O)[O])ccc(c1)N(c1ccc(cc1)C(=O)[O])c1ccc(cc1)c1ccc(cc1)N(c1ccc(C(=O)[O])cc1)c1ccc(cc1)C(=O)[O],2.759,5.040205731953463,4.754451860159345,5.5139483542150645,7.224049339880859,5.633163821552183,3.983722925186157,660.153265728,53.71664548043181,81.36996099109572,4.399006175306899,True,304
WAQFIG_clean-(id:183931),0,c1c(C(=O)[O])cc(cc1C(=O)[O])NC(=O)c1ccc(C(=O)Nc2cc(cc(c2)C(=O)[O])C(=O)[O])s1,3.228,5.309475082893291,3.989865430018784,4.695964986161129,6.65304623828311,5.162087934339079,3.707317352294922,494.00561552,40.7443570295272,82.47751796634718,4.412525746704353,True,305
BUXNOZ_clean-(id:174696),0,C1=C([N][N][C]1C(=O)Nc1cc(cc(c1)C(=O)[O])C(=O)[O])C(=O)Nc1cc(cc(c1)C(=O)[O])C(=O)[O],4.04,4.55621191865785,2.46602726937346,3.0950903519115807,5.356949817764713,3.868569839426901,3.6737122535705566,477.03186748799993,39.39788968482437,82.58963891089613,4.413884235744974,True,306
LIPRAE_clean-(id:179230),0,c1nncn1c1cccnc1,2.464,4.3312905202381895,3.6771059156990313,2.831810675502922,4.93430122336493,3.943627083701269,2.4919769763946533,146.059246192,12.085144564525471,82.74138666058244,4.4157199201457,True,307
XOPKOD_clean-(id:184748),0,c1c(C#N)sc(c1)c1ccc(C#N)s1,2.872,5.4618280148231175,4.592798992461303,5.4511340536371335,5.009655088824574,5.128854037436532,2.8873298168182373,215.981590128,17.945328256866237,83.08730501627969,4.419891922637457,True,308
XOPKIX_clean-(id:184747),0,c1c(C#N)sc(c1)c1ccc(C#N)s1,2.872,5.4618280148231175,4.592798992461303,5.4511340536371335,5.009655088824574,5.128854037436532,2.887331247329712,215.981590128,17.945353927882586,83.08742387370792,4.419893353148932,True,309
LAGBUS_clean-(id:170849),0,[CH](C(=O)c1ccc(cc1)C#N)C(=O)c1ccc(cc1)C#N,2.372,5.150642586750984,4.35459848935428,5.359603427034946,5.748450438860417,5.153323735500157,3.125962734222412,273.066402528,22.781817374403555,83.42958768817239,4.424003014892571,True,310
LAGCUT_clean-(id:173300),0,[CH](C(=O)c1ccc(cc1)C#N)C(=O)c1ccc(cc1)C#N,2.372,5.150642586750984,4.35459848935428,5.359603427034946,5.748450438860417,5.153323735500157,3.125962972640991,273.066402528,22.78182280601273,83.42960757933852,4.42400325331115,True,311
LAGCIH_ion_b-(id:173298),0,[CH](C(=O)c1ccc(cc1)C#N)C(=O)c1ccc(cc1)C#N,2.372,5.150642586750984,4.35459848935428,5.359603427034946,5.748450438860417,5.153323735500157,3.1259632110595703,273.066402528,22.7818282376232,83.42962747050937,4.424003491729729,True,312
ITETEH_clean-(id:170626),0,c1c(c(c(cc1C(=O)[O])[O])[O])[O],4.626,4.5335653151361495,4.289544679597312,4.186091830477844,4.179088099392162,4.297072481150867,2.6298487186431885,165.990223164,13.871671218144904,83.56920638897842,4.425675107605665,True,313
ITETEH_clean-(id:178006),0,c1c(c(c(cc1C(=O)[O])[O])[O])[O],4.626,4.5335653151361495,4.289544679597312,4.186091830477844,4.179088099392162,4.297072481150867,2.629852056503296,165.990223164,13.87171751992016,83.56948533176417,4.425678445465772,True,314
ZELROZ_manual-(id:185343),0,c1c(c(ccc1C(=O)[O])c1c(cc(cc1)C(=O)[O])O)O,2.951,4.771154179455456,3.884603286705108,3.873225165566011,5.296683051253515,4.456416420745022,3.131606101989746,272.032087976,22.91074700474085,84.22075195321129,4.433441351133858,True,315
ZELROZ_clean5b-(id:173819),0,c1c(c(ccc1C(=O)[O])c1c(cc(cc1)C(=O)[O])O)O,2.951,4.771154179455456,3.884603286705108,3.873225165566011,5.296683051253515,4.456416420745022,3.131687879562378,272.032087976,22.912620666628797,84.22763960349508,4.43352312870649,True,316
OVEXOD_clean-(id:180802),0,c1c(c2nnc(c3cc(ccc3)C(=O)[O])n2N)cccc1C(=O)[O],2.887,5.218572452515691,3.486629664066233,3.998403599339806,5.420669678983262,4.531068848726248,3.302677869796753,322.07020479999994,27.18534033655162,84.40811950746343,4.435663599669793,True,317
OVEXOD_clean-(id:171592),0,c1c(c2nnc(c3cc(ccc3)C(=O)[O])n2N)cccc1C(=O)[O],2.887,5.218572452515691,3.486629664066233,3.998403599339806,5.420669678983262,4.531068848726248,3.302769899368286,322.07020479999994,27.18784230690064,84.41588790799143,4.435755629241327,True,318
QUQHAM_clean-(id:181649),0,c1c(C(=O)[O])nc(c(c1)[O])c1c(ccc(C(=O)[O])n1)[O],4.068,4.0894463510151,3.8670876852281295,3.645336842330985,5.302175892750915,4.226011692831282,3.134922742843628,272.006935848,22.986859874004782,84.50835932672706,4.436850456413696,True,319
WIJXIY_clean-(id:184123),0,[nH]1c2c(ccc(C(=O)[O])c2)c2ccc(cc12)C(=O)[O],2.869,5.344215534830707,4.198145411792615,4.38284972344918,5.820445361159635,4.936414007808034,3.069939374923706,253.037507704,21.54059673509598,85.12807816734383,4.444156924372067,True,320
XEBHOC_clean-(id:184541),0,c1c(C(=O)[O])ccc(c1)N(c1ccc(C(=O)[O])cc1)c1ccc(cc1)N(c1ccc(C(=O)[O])cc1)c1ccc(C(=O)[O])cc1,2.687,5.0358144418410005,4.7396608168466186,5.669492820141089,7.039623778459041,5.6211479643219375,3.9077441692352295,584.1219656,49.78651524920762,85.23308175556755,4.445389641988784,True,321
XAWVUN_clean-(id:184532),0,c1c(C(=O)[O])ccc(c1)N(c1ccc(C(=O)[O])cc1)c1ccc(cc1)N(c1ccc(C(=O)[O])cc1)c1ccc(C(=O)[O])cc1,2.687,5.0358144418410005,4.7396608168466186,5.669492820141089,7.039623778459041,5.6211479643219375,3.907916307449341,584.1219656,49.79508614869794,85.24775488891142,4.445561780202896,True,322
XAWVUN_clean-(id:172831),0,c1c(C(=O)[O])ccc(c1)N(c1ccc(C(=O)[O])cc1)c1ccc(cc1)N(c1ccc(C(=O)[O])cc1)c1ccc(C(=O)[O])cc1,2.687,5.0358144418410005,4.7396608168466186,5.669492820141089,7.039623778459041,5.6211479643219375,3.907916307449341,584.1219656,49.79508614869794,85.24775488891142,4.445561780202896,True,323
ICANAD_clean-(id:170507),0,C(C(=O)[O])C(=O)[O],3.975,3.542525020093781,2.944988198774456,3.5814894259731225,3.3407023291010223,3.352426243485596,2.1632297039031982,101.995308544,8.6991881385939,85.29008111035945,4.446058165325518,True,324
SIPWUK_clean-(id:182336),0,C(C(=O)[O])C(=O)[O],3.975,3.542525020093781,2.944988198774456,3.5814894259731225,3.3407023291010223,3.352426243485596,2.163241147994995,101.995308544,8.699287693471172,85.29105718346216,4.446069609417314,True,325
BEPNUH_clean-(id:174466),0,N(Cc1ccncc1)[C@H](C(=O)[O])C,2.95,3.8113175740618814,2.8317334721616136,3.1128810768622013,4.192670258557861,3.4871505954108897,2.7279114723205566,179.082052592,15.300897278318857,85.44070752404578,4.447822656123827,True,326
BEPPAP_clean-(id:169343),0,N([C@@H](C)C(=O)[O])Cc1ccncc1,2.95,3.8113175740618814,2.8317334721616136,3.1128810768622013,4.192670258557861,3.4871505954108897,2.727921724319458,179.082052592,15.301054143905034,85.44158346657552,4.447832908122728,True,327
BEPPAP_clean-(id:174467),0,N([C@@H](C)C(=O)[O])Cc1ccncc1,2.95,3.8113175740618814,2.8317334721616136,3.1128810768622013,4.192670258557861,3.4871505954108897,2.727922201156616,179.082052592,15.30106144001795,85.44162420830709,4.447833384959886,True,328
WILDUR_clean-(id:184130),0,c1c2cnncc2cnn1,3.111,4.250160876372774,3.550481193699163,3.125589137725615,4.140821291913447,3.7667631249277496,2.4389736652374268,132.043596128,11.461271602819924,86.79914769747435,4.463596802464575,True,329
WESYAV_clean-(id:184065),0,c1c2cnncc2cnn1,3.111,4.250160876372774,3.550481193699163,3.125589137725615,4.140821291913447,3.7667631249277496,2.438988447189331,132.043596128,11.461441024037702,86.80043076778405,4.463611584416479,True,330
WILFAZ_clean-(id:184131),0,c1c2cnncc2cnn1,3.111,4.250160876372774,3.550481193699163,3.125589137725615,4.140821291913447,3.7667631249277496,2.438993215560913,132.043596128,11.461495676577671,86.80084466547825,4.463616352788061,True,331
XOPLOE_clean-(id:172935),0,c1c(C(=O)[O])ccc(c1)Oc1ccc(cc1)C(=O)[O],2.383,5.736028893039631,4.162189679239641,4.815395534037838,5.628734638790785,5.085587186276974,3.1016430854797363,256.03717335600004,22.2344543935264,86.84072746972214,4.464075722102158,True,332
XOPLOE_clean-(id:184749),0,c1c(C(=O)[O])ccc(c1)Oc1ccc(cc1)C(=O)[O],2.383,5.736028893039631,4.162189679239641,4.815395534037838,5.628734638790785,5.085587186276974,3.101644515991211,256.03717335600004,22.23448620019129,86.8408516964681,4.4640771526136325,True,333
HAVVUX_clean-(id:177192),0,c1c(C2=NN=N[N]2)cccn1,3.57,4.5682048421243895,3.6254082759313313,3.219651263586215,4.93922578045206,4.088122540523499,2.5415823459625244,146.046670128,12.69975047917557,86.95679585193625,4.465411395905231,True,334
TIMMIM_charged-(id:172268),1,c1nc([C]([N][N][C](/C(=N\[N][C](c2nccnc2)C)/c2ccccc2)c2ccccc2)C)cnc1,3.591,4.882746456947191,4.602972627214468,5.799116871822664,5.7746220209948,5.264864494244781,3.664440631866455,446.196742704,39.03429551416132,87.48225116483215,4.471435928957487,True,335
TIMMIM_charged-(id:182739),1,c1nc([C]([N][N][C](/C(=N\[N][C](c2nccnc2)C)/c2ccccc2)c2ccccc2)C)cnc1,3.591,4.882746456947191,4.602972627214468,5.799116871822664,5.7746220209948,5.264864494244781,3.664440870285034,446.196742704,39.034304820663706,87.48227202222866,4.471436167376066,True,336
XEDPON_clean-(id:184547),0,C1=N[C]2C(=N1)N=CN=C2,4.707,3.860398063362184,3.4229858257355668,2.798801813908665,4.45221306935437,3.6335996930901966,2.3604753017425537,119.035771096,10.595986546614151,89.01514602756427,4.488806535338144,True,337
PAVLOO_clean-(id:180950),0,c1c(c2nnc(c3cnccn3)o2)nccn1,2.535,4.739904729788529,3.569435768103969,3.1457737347694192,5.549673227488922,4.251196865037709,3.0021326541900635,226.060308812,20.128418136813792,89.04003645130521,4.4890861163484415,True,338
YOZQAG_charged-(id:184958),0,c1c(C(=O)[O])ccc2-c3c(S(=O)(=O)c12)cc(cc3)C(=O)[O],3.169,4.420333732213736,3.670493675667241,3.7388706725847145,5.178599928554629,4.25207450225508,3.2927663326263428,301.988508912,26.917222748986983,89.13326816958691,4.490132644917793,True,339
YOZQEK_clean-(id:185341),0,c1c(C(=O)[O])cc2c(-c3ccc(cc3S2(=O)=O)C(=O)[O])c1,3.169,4.420333732213736,3.670493675667241,3.7388706725847145,5.178599928554629,4.25207450225508,3.2927730083465576,301.988508912,26.917402441434803,89.13386320033318,4.490139320638008,True,340
YOZQAG_charged-(id:173752),0,c1c(C(=O)[O])ccc2-c3c(S(=O)(=O)c12)cc(cc3)C(=O)[O],3.169,4.420333732213736,3.670493675667241,3.7388706725847145,5.178599928554629,4.25207450225508,3.292773723602295,301.988508912,26.917421694268217,89.13392695386302,4.490140035893745,True,341
PIDMEV01_clean-(id:181077),0,c1c(C(=O)[O])ccc(c1)N(c1ccc(C(=O)[O])cc1)c1ccc(C(=O)[O])cc1,2.592,5.33743461983942,4.793278893801835,5.519247634795016,6.08678064176543,5.4341854475504245,3.510607481002808,374.0664621039999,33.46859314421055,89.47231718117898,4.493929272197855,True,342
NAYZOE_clean-(id:171293),0,c1cc(ccc1C(=O)[O])N(c1ccc(cc1)C(=O)[O])c1ccc(cc1)C(=O)[O],2.592,5.33743461983942,4.793278893801835,5.519247634795016,6.08678064176543,5.4341854475504245,3.5106089115142822,374.0664621039999,33.46864102145131,89.47244517244687,4.493930702709329,True,343
NAYZOE_clean-(id:180044),0,c1cc(ccc1C(=O)[O])N(c1ccc(cc1)C(=O)[O])c1ccc(cc1)C(=O)[O],2.592,5.33743461983942,4.793278893801835,5.519247634795016,6.08678064176543,5.4341854475504245,3.5106093883514404,374.0664621039999,33.46865698054679,89.47248783624354,4.493931179546487,True,344
PIDMEV01_clean-(id:171729),0,c1c(C(=O)[O])ccc(c1)N(c1ccc(C(=O)[O])cc1)c1ccc(C(=O)[O])cc1,2.592,5.33743461983942,4.793278893801835,5.519247634795016,6.08678064176543,5.4341854475504245,3.510609865188598,374.0664621039999,33.46867293964986,89.47253050006051,4.493931656383645,True,345
NAPFUG_clean-(id:173355),0,c1c(C(=O)[O])ccc(c1)N(c1ccc(C(=O)[O])cc1)c1ccc(C(=O)[O])cc1,2.592,5.33743461983942,4.793278893801835,5.519247634795016,6.08678064176543,5.4341854475504245,3.510611057281494,374.0664621039999,33.4687128374409,89.4726371596921,4.4939328484765415,True,346
ZAXQUM_charged-(id:184994),1,C1=N[C]2C(=N[CH]1)N=CC=C2,4.883,4.095405271459871,3.5222957155803405,3.042714106786052,5.407756175906379,4.01704281743316,2.46573257446289,131.04834716,11.772102935897106,89.8302282403018,4.497921536040535,True,347
ZAXQUM_charged-(id:173794),1,C1=N[C]2C(=N[CH]1)N=CC=C2,4.883,4.095405271459871,3.5222957155803405,3.042714106786052,5.407756175906379,4.01704281743316,2.465738534927368,131.04834716,11.772173103307605,89.830763671782,4.497927496505013,True,348
MAQRAA_clean-(id:179552),0,c1c(C(=O)[O])sc(c1)C(=O)[O],3.531,4.256713791457429,3.919986264910161,3.3215722545166737,4.594666807163854,4.02323477951203,2.731465578079224,169.967379544,15.35537503796274,90.34307100079543,4.503614323458682,True,349
VOLPET_clean-(id:183723),0,c1cc(C(=O)[O])sc1C(=O)[O],3.531,4.256713791457429,3.919986264910161,3.3215722545166737,4.594666807163854,4.02323477951203,2.731474637985229,169.967379544,15.355514156847455,90.3438895042347,4.503623383364687,True,350
INOMOP_clean-(id:177926),0,c1c(C(=O)[O])sc(C(=O)[O])c1,3.531,4.256713791457429,3.919986264910161,3.3215722545166737,4.594666807163854,4.02323477951203,2.731474637985229,169.967379544,15.355514156847455,90.3438895042347,4.503623383364687,True,351
INOMOP01_clean-(id:177927),0,c1c(C(=O)[O])sc(C(=O)[O])c1,3.531,4.256713791457429,3.919986264910161,3.3215722545166737,4.594666807163854,4.02323477951203,2.731474637985229,169.967379544,15.355514156847455,90.3438895042347,4.503623383364687,True,352
AGAXOV_clean-(id:172975),0,c1c(C(=O)[O])sc(c1)C(=O)[O],3.531,4.256713791457429,3.919986264910161,3.3215722545166737,4.594666807163854,4.02323477951203,2.731474637985229,169.967379544,15.355514156847455,90.3438895042347,4.503623383364687,True,353
FEZTIP_clean-(id:176394),0,c1c(C(=O)[O])sc(c1)C(=O)[O],3.531,4.256713791457429,3.919986264910161,3.3215722545166737,4.594666807163854,4.02323477951203,2.731475353240967,169.967379544,15.355525139970991,90.34395412324314,4.503624098620425,True,354
APEBED_clean-(id:174120),0,c1c(C(=O)[O])sc(c1)C(=O)[O],3.531,4.256713791457429,3.919986264910161,3.3215722545166737,4.594666807163854,4.02323477951203,2.731475830078125,169.967379544,15.355532462057708,90.34399720260777,4.503624575457583,True,355
NUVXOT_clean-(id:180365),0,C1=NN=C[C]1C(=O)[O],4.555,3.977482606261512,3.255030012301225,3.2993325387362606,4.5875648340678055,3.7798524978417007,2.2973649501800537,110.011627304,9.94793458454361,90.42621065002558,4.504534166192282,True,356
RORTAV_clean-(id:182000),0,c1cc(cc[n+]1[O-])c1cc[n+](cc1)[O-],2.897,4.752461326561538,3.584454799664789,3.4796981972490064,4.038037974329338,3.963663074451168,2.8346269130706787,188.058577496,17.024047665759166,90.52523895710776,4.505628695329058,True,357
FABGOG_clean-(id:176184),0,[nH]1cncc1/C=C/C(=O)[O],3.6,4.331845811164402,3.611579263931795,3.1375980562231094,4.312454887368204,3.8483695046718776,2.5270588397979736,137.0351024,12.516638507401852,91.33892183964868,4.5145770038734,True,358
HOWSAP_clean-(id:177435),0,c1c(C(=O)[O])cc(C(=O)[O])cc1C(=O)N1[C@@H](C(=O)[O])CCC1,3.687,3.7913162247435768,2.489637879106174,2.6778810705604164,5.218339929019311,3.54429377585737,3.326354742050171,304.04572666,27.83668463672011,91.5542702820111,4.516931914292798,True,359
QOZGAP_clean-(id:181597),0,N(C(=O)c1c(cc(C(=O)Nn2cnnc2)c(c1)C(=O)[O])C(=O)[O])n1cnnc1,3.677,5.33814041559671,2.854363266975016,3.0732088706149554,5.312501810537324,4.144553590931001,3.5685689449310303,384.056679976,35.46580330117057,92.34523222818792,4.525534078113688,True,360
IBUDOZ_clean-(id:170504),0,c1cc(ccn1)C1=NN=N[N]1,3.586,4.5682048421243895,3.6254082759313313,3.219651263586215,4.93922578045206,4.088122540523499,2.60369086265564,146.046670128,13.513522660512187,92.52879677892348,4.527519912598347,True,361
IBUDOZ_clean-(id:177598),0,c1cc(ccn1)C1=NN=N[N]1,3.586,4.5682048421243895,3.6254082759313313,3.219651263586215,4.93922578045206,4.088122540523499,2.60369086265564,146.046670128,13.513522660512187,92.52879677892348,4.527519912598347,True,362
FINQUQ_clean-(id:170081),0,c1cc(C2=NN=N[N]2)ccn1,3.586,4.5682048421243895,3.6254082759313313,3.219651263586215,4.93922578045206,4.088122540523499,2.603713274002075,146.046670128,13.513825520143824,92.53087049708066,4.527542323944782,True,363
FINQOK_clean-(id:170080),0,c1cnccc1C1=NN=N[N]1,3.586,4.5682048421243895,3.6254082759313313,3.219651263586215,4.93922578045206,4.088122540523499,2.6037137508392334,146.046670128,13.513831964039518,92.5309146192485,4.52754280078194,True,364
FINQOK_clean-(id:176459),0,c1cnccc1C1=NN=N[N]1,3.586,4.5682048421243895,3.6254082759313313,3.219651263586215,4.93922578045206,4.088122540523499,2.6037137508392334,146.046670128,13.513831964039518,92.5309146192485,4.52754280078194,True,365
TEQPAI_clean-(id:172238),0,Cc1c(C(=O)[O])sc2c1c(c(C(=O)[O])s2)C,3.692,4.977346369668705,4.29972733612371,5.3964221181322,5.094163166465972,4.941914747597647,3.1577136516571045,253.970750672,23.51676689553422,92.59635935756172,4.528249825086178,True,366
TEQPAI_clean-(id:182674),0,Cc1c(C(=O)[O])sc2c1c(c(C(=O)[O])s2)C,3.692,4.977346369668705,4.29972733612371,5.3964221181322,5.094163166465972,4.941914747597647,3.157713890075684,253.970750672,23.516772502369047,92.5963814342568,4.528250063504757,True,367
NOFHUM_clean-(id:173380),0,c1c(C(=O)[O])ccc(c1)C#Cc1ccc(C(=O)[O])cc1,2.66,5.620372963998618,4.082797688712752,4.815347736321755,5.604453266178918,5.030742913803011,3.197049856185913,264.042258736,24.460262357578664,92.6376803269018,4.528695973862027,True,368
EJORAY_clean-(id:175841),0,C1=C([C]=CC(=C1C(=O)[O])C(=O)[O])Oc1cc(cc(c1)C(=O)[O])C(=O)[O],4.441,4.416341595333208,3.562933913709165,3.653359879240919,5.008686179703272,4.160330391996641,3.454851150512696,340.99335674,31.65357671293137,92.82754659958532,4.530743434101967,True,369
XOJXAW_charged-(id:173622),0,P(=O)(c1ccc(cc1)C(=O)[O])([O])[O],3.572,3.953165889742708,3.257950421670408,3.182089320288193,3.944378732895864,3.5843960911492934,2.9245028495788574,198.979634858,18.624964338993127,93.60236464543048,4.539055646470316,True,370
XOJWID_charged-(id:172927),0,P(=O)(c1ccc(cc1)C(=O)[O])([O])[O],3.572,3.953165889742708,3.257950421670408,3.182089320288193,3.944378732895864,3.5843960911492934,2.9245030879974365,198.979634858,18.62496877953119,93.60238696197594,4.539055884888895,True,371
XOJWOJ_clean-(id:184726),0,P(=O)(c1ccc(cc1)C(=O)[O])([O])[O],3.572,3.953165889742708,3.257950421670408,3.182089320288193,3.944378732895864,3.5843960911492934,2.9245030879974365,198.979634858,18.62496877953119,93.60238696197594,4.539055884888895,True,372
XOJWID_charged-(id:184725),0,P(=O)(c1ccc(cc1)C(=O)[O])([O])[O],3.572,3.953165889742708,3.257950421670408,3.182089320288193,3.944378732895864,3.5843960911492934,2.9245145320892334,198.979634858,18.62518192660325,93.60345816241416,4.539067328980692,True,373
UNABUH01_clean-(id:183228),0,c1c(cc(cc1C(=O)[O])NC(=O)c1ccncc1)C(=O)[O],2.694,4.48241390176613,3.51938135507422,3.739074013771965,5.546072560362229,4.321735457743636,3.283257246017456,284.043321356,26.662477662699764,93.86764503180444,4.541885758485512,True,374
UWELIS_clean-(id:172421),0,c1cc(ccn1)C(=O)Nc1cc(cc(c1)C(=O)[O])C(=O)[O],2.694,4.48241390176613,3.51938135507422,3.739074013771965,5.546072560362229,4.321735457743636,3.2832677364349365,284.043321356,26.6627573646886,93.86862974775376,4.541896248902993,True,375
UNABUH_clean-(id:172392),0,N(c1cc(cc(c1)C(=O)[O])C(=O)[O])C(=O)c1ccncc1,2.694,4.48241390176613,3.51938135507422,3.739074013771965,5.546072560362229,4.321735457743636,3.283279657363892,284.043321356,26.66307521141941,93.86974875568993,4.541908169831948,True,376
YOZKOP_clean-(id:185089),0,Nc1c(cnn1c1ccccc1)C(=O)[O],2.379,4.556033405388401,3.5303131077486967,3.232553398325713,5.207817579418607,4.131679372720354,2.960134744644165,202.061651496,19.300572229036067,95.51823458900186,4.559317167365056,True,377
UWAGAB02_clean-(id:173547),0,c1cc(N(c2ccc(c3ccc(cc3)C(=O)[O])cc2)c2ccc(c3ccc(cc3)C(=O)[O])cc2)ccc1c1ccc(cc1)C(=O)[O],2.409,5.025720907068314,4.840939429909552,5.629077049325431,6.928125956629369,5.605965835733167,4.054013252258301,602.160362488,57.62827036580055,95.70253034871416,4.561244738534802,True,378
CENPUI_clean-(id:174860),0,c1c(ccc(c1)c1ccc(cc1)N(c1ccc(c2ccc(C(=O)[O])cc2)cc1)c1ccc(c2ccc(C(=O)[O])cc2)cc1)C(=O)[O],2.409,5.025720907068314,4.840939429909552,5.629077049325431,6.928125956629369,5.605965835733167,4.054014682769775,602.1603624879999,57.62835280376153,95.70266725237992,4.561246169046277,True,379
ZIJVOF01_clean-(id:185042),0,CC1=NN=C([C]1C(=O)[O])C,4.058,3.6100717220562175,3.5474647931062706,2.968647216409691,4.382266156975905,3.627112472137021,2.582946538925171,138.042927432,13.236081386638014,95.88380681913684,4.563137112774005,True,380
ZIJVOF02_clean-(id:185043),0,CC1=NN=C([C]1C(=O)[O])C,4.058,3.6100717220562175,3.5474647931062706,2.968647216409691,4.382266156975905,3.627112472137021,2.582947015762329,138.042927432,13.236087698094954,95.88385254010971,4.563137589611163,True,381
ZIJVOF02_clean-(id:173846),0,CC1=NN=C([C]1C(=O)[O])C,4.058,3.6100717220562175,3.5474647931062706,2.968647216409691,4.382266156975905,3.627112472137021,2.582968711853028,138.042927432,13.236374872569415,95.88593286743836,4.563159285701862,True,382
ZIJVOF01_clean-(id:173845),0,CC1=NN=C([C]1C(=O)[O])C,4.058,3.6100717220562175,3.5474647931062706,2.968647216409691,4.382266156975905,3.627112472137021,2.5829689502716064,138.042927432,13.236378028367476,95.88595572842893,4.56315952412044,True,383
AGESIP_clean-(id:173991),0,C1(=O)C(=O)C(=O)C1=O,2.312,3.996051533560738,3.3467639677570062,2.677979084060317,3.383117876060409,3.3509781153596183,2.375859022140503,111.97965848,10.760252512260756,96.09113528581246,4.56529706703687,True,384
AGESIP_clean-(id:169166),0,C1(=O)C(=O)C(=O)C1=O,2.312,3.996051533560738,3.3467639677570062,2.677979084060317,3.383117876060409,3.3509781153596183,2.3759067058563232,111.97965848,10.76076561331689,96.09571737744496,4.565344750752691,True,385
UMODEH05_clean-(id:183165),0,c1c(C(=O)[O])ccc(c1)c1cc(cc(c2ccc(C(=O)[O])cc2)c1O[CH2])c1cc(c2ccc(C(=O)[O])cc2)c(c(c2ccc(C(=O)[O])cc2)c1)O[CH2].[CH3].[H].[H].[CH3].[H].[H],3.8,5.063045388948281,4.813221812714135,6.199875686156938,6.842226055937143,5.729592235939124,4.243210792541504,722.2151972880001,69.6310642042986,96.41318053922312,4.568642919855438,True,386
TAGTIH_clean-(id:182556),0,c1c(C(=O)[O])oc(C(=O)[O])c1,3.548,4.100117153119583,3.475664548483681,3.615235949220245,3.718649973150384,3.727416905993473,2.6995849609375,153.990223164,14.873557336362332,96.58767310520716,4.570451125469378,True,387
XICVUB_clean-(id:184622),0,c1c(c2cnnc(C)n2)nc(C)nn1,3.025,3.982691407841826,3.365241763892703,3.4653918517142475,4.194768851905213,3.752023468838497,2.9121315479278564,188.081044256,18.39596869463693,97.80873329051649,4.583013870503035,True,388
WAQDOJ_charged-(id:172614),0,c1c(c2ccc(C(=O)[O])cc2)cc(cn1)c1ccc(C(=O)[O])cc1,2.5,5.868318480671576,4.697349956807416,5.101778675236154,6.672711137274375,5.58503956249738,3.4351398944854736,317.068807832,31.035753992686224,97.8833402279376,4.583776363737375,True,389
WAQDOJ_charged-(id:183928),0,c1c(c2ccc(C(=O)[O])cc2)cc(cn1)c1ccc(C(=O)[O])cc1,2.5,5.868318480671576,4.697349956807416,5.101778675236154,6.672711137274375,5.58503956249738,3.435175895690918,317.068807832,31.036871337354597,97.88686420961216,4.583812364942819,True,390
BOVHEB_clean-(id:174618),0,c1cc(C(=O)[O])ccc1c1ccc(C2=NN=N[N]2)cc1,3.07,5.561191764948381,4.249267320683593,4.709220182609237,6.4034635276930025,5.230785698983554,3.254623889923096,264.064725496,25.909867738832173,98.11938224677668,4.586184923475409,True,391
BEPPIX_clean-(id:169344),0,N([C@H](C(=O)[O])C(C)C)Cc1ccncc1,2.922,3.97021086454217,3.013851093157633,3.3665732933337003,5.424911017915486,3.943886567237247,3.0126240253448486,207.11335272,20.34070448249471,98.2104930240478,4.587113063257355,True,392
IBICON_clean-(id:170498),0,N(Cc1ccncc1)[C@@H](C(=O)[O])C(C)C,2.922,3.97021086454217,3.013851093157633,3.3665732933337003,5.424911017915486,3.943886567237247,3.0126304626464844,207.11335272,20.3408354221664,98.21112523665006,4.587119500558991,True,393
BEPPIX_clean-(id:174468),0,N([C@H](C(=O)[O])C(C)C)Cc1ccncc1,2.922,3.97021086454217,3.013851093157633,3.3665732933337003,5.424911017915486,3.943886567237247,3.0126307010650635,207.11335272,20.34084027180005,98.21114865200978,4.58711973897757,True,394
IBICON_clean-(id:177585),0,N(Cc1ccncc1)[C@@H](C(=O)[O])C(C)C,2.922,3.97021086454217,3.013851093157633,3.3665732933337003,5.424911017915486,3.943886567237247,3.0126307010650635,207.11335272,20.34084027180005,98.21114865200978,4.58711973897757,True,395
BAZJIX_clean-(id:174430),0,c1c2ccc(C3=NN=N[N]3)cc2ccc1C1=NN=N[N]1,3.94,5.677926538331295,4.528077540698437,4.856054805737575,5.928554020511777,5.247653226319772,3.2536604404449463,262.071542192,25.884916911641,98.7704223630549,4.592798191139048,True,396
OBEDAA_charged-(id:180387),1,c1c(C(C#N)(c2ccc(cc2)C#N)c2ccc(cc2)C#N)ccc(c1)C#N,2.348,4.912727381720801,5.01770591818959,6.142931228756379,5.514014894268148,5.396844855733729,3.5323963165283203,344.10619638400004,34.205837496259576,99.40488679282048,4.599201275359711,True,397
OBEDAA_charged-(id:171435),1,c1c(C(C#N)(c2ccc(cc2)C#N)c2ccc(cc2)C#N)ccc(c1)C#N,2.348,4.912727381720801,5.01770591818959,6.142931228756379,5.514014894268148,5.396844855733729,3.5323967933654785,344.10619638400004,34.205853806877805,99.4049341927755,4.599201752196869,True,398
MIHHAN_SL-(id:185170),0,c1ncnc2N=C[N]c12,4.19,4.069053834506407,3.5118862946715934,3.021338589159218,4.032859684155196,3.658784600623104,2.472096443176269,119.035771096,11.847257938104535,99.52687187240514,4.600427676771859,True,399
LEVNOQ_clean-(id:170951),0,c1c2ccc(cc2ccc1C(=O)[O])C(=O)[O],2.733,5.44404538248792,4.360222028974464,4.494233240753041,5.227304724790784,4.881451344251552,3.065054178237915,214.026608672,21.43562330002141,100.15401091025988,4.606709110338941,True,400
TONBII_clean-(id:173523),0,c1c(C(=O)[O])cc2c(c1)cc(C(=O)[O])cc2,2.733,5.44404538248792,4.360222028974464,4.494233240753041,5.227304724790784,4.881451344251552,3.065054655075073,214.026608672,21.43563352132553,100.15405866742516,4.606709587176099,True,401
PUWDEQ_charged-(id:171783),0,c1c(C(=O)[O])ccc2c1ccc(C(=O)[O])c2,2.733,5.44404538248792,4.360222028974464,4.494233240753041,5.227304724790784,4.881451344251552,3.0650551319122314,214.026608672,21.435643742634557,100.1541064246133,4.606710064013257,True,402
GIQZIQ_clean-(id:170262),0,c1c(ccc2cc(ccc12)C(=O)[O])C(=O)[O],2.733,5.44404538248792,4.360222028974464,4.494233240753041,5.227304724790784,4.881451344251552,3.0650553703308105,214.026608672,21.43564885329089,100.1541303032159,4.6067103024318365,True,403
TAGTUT_clean-(id:182557),0,c1c(C(=O)[O])cc2c(cc(C(=O)[O])cc2)c1,2.733,5.44404538248792,4.360222028974464,4.494233240753041,5.227304724790784,4.881451344251552,3.0650556087493896,214.026608672,21.43565396394844,100.1541541818242,4.6067105408504165,True,404
PEQWAK_clean-(id:171701),0,c1cc2c(cc1C(=O)[O])ccc(c2)C(=O)[O],2.733,5.44404538248792,4.360222028974464,4.494233240753041,5.227304724790784,4.881451344251552,3.0650556087493896,214.026608672,21.43565396394844,100.1541541818242,4.6067105408504165,True,405
UCUTIW_clean-(id:182968),0,c1c(C(=O)[O])cc2c(c1)cc(C(=O)[O])cc2,2.733,5.44404538248792,4.360222028974464,4.494233240753041,5.227304724790784,4.881451344251552,3.065056085586548,214.026608672,21.4356641852672,100.15420193905784,4.606711017687575,True,406
PUWDEQ_charged-(id:181283),0,c1c(C(=O)[O])ccc2c1ccc(C(=O)[O])c2,2.733,5.44404538248792,4.360222028974464,4.494233240753041,5.227304724790784,4.881451344251552,3.065056324005127,214.026608672,21.435669295928403,100.1542258176832,4.606711256106153,True,407
LEVNOQ01_clean-(id:179176),0,c1c(C(=O)[O])cc2c(c1)cc(C(=O)[O])cc2,2.733,5.44404538248792,4.360222028974464,4.494233240753041,5.227304724790784,4.881451344251552,3.065056562423706,214.026608672,21.435674406590827,100.15424969631428,4.606711494524733,True,408
VETSOE_charged-(id:183604),0,c1c2C(C)(C)c3c4-c5c(C(c4c4-c6c(C(c4c3-c2ccc1C(=O)[O])(C)C)cc(cc6)C(=O)[O])(C)C)cc(cc5)C(=O)[O],3.536,4.824155057420444,4.790090544559424,5.596060497871501,7.062683254411041,5.568247338565603,4.018593311309815,555.1807635839998,55.62280679529065,100.18864204914914,4.607054829422947,True,409
VETSOE_charged-(id:172534),0,c1c2C(C)(C)c3c4-c5c(C(c4c4-c6c(C(c4c3-c2ccc1C(=O)[O])(C)C)cc(cc6)C(=O)[O])(C)C)cc(cc5)C(=O)[O],3.536,4.824155057420444,4.790090544559424,5.596060497871501,7.062683254411041,5.568247338565603,4.018642425537109,555.1807635839998,55.6255387335543,100.19356285772687,4.607103943650241,True,410
MAGCUU_clean-(id:179464),0,C1C(C#N)(CCCC1)[N][N]C1(C#N)CCCCC1,3.832,4.445673860536507,3.94803904490305,4.670740885174093,5.339722828325375,4.6010441547347565,3.201966524124145,244.16879664,24.580821476988977,100.67142818920756,4.611862027480946,True,411
QAKFIU_clean-(id:181328),0,C1=CN([CH]C=C1c1ccncc1)c1cc(cc(c1)C(=O)[O])C(=O)[O],3.663,5.954815287612548,4.217231553816035,4.822125839500204,6.2266044924602895,5.305194293347268,3.471665143966675,319.071881832,32.190299325126944,100.8872958040095,4.61400401065151,True,412
UMODEH19_clean-(id:183179),0,c1c(C(=O)[O])ccc(c1)c1cc(cc(c2ccc(C(=O)[O])cc2)c1O[CH2])c1cc(c2ccc(C(=O)[O])cc2)c(c(c2ccc(C(=O)[O])cc2)c1)O[CH2],3.379,5.063045388948281,4.813221812714135,6.199875686156938,6.842226055937143,5.729592235939124,4.243210792541504,688.136946968,69.6310642042986,101.18780064215416,4.616978202572703,True,413
DAWCOV_clean-(id:175377),0,c1c(C(=O)[O])ccc(c1)C(c1ccc(cc1)C(=O)[O])c1ccc(cc1)C(=O)[O],2.59,5.381858319531858,4.582474573942554,4.985946056407703,6.284963116063199,5.308810516486329,3.635588169097901,373.071213136,37.924152152993166,101.65392240855698,4.621574126723457,True,414
DAWCOV_clean-(id:169631),0,c1c(C(=O)[O])ccc(c1)C(c1ccc(cc1)C(=O)[O])c1ccc(cc1)C(=O)[O],2.59,5.381858319531858,4.582474573942554,4.985946056407703,6.284963116063199,5.308810516486329,3.635589361190796,373.071213136,37.924197362132446,101.65404358954788,4.621575318816352,True,415
DAWCIP_clean-(id:169630),0,c1c(C(=O)[O])ccc(c1)C(c1ccc(cc1)C(=O)[O])c1ccc(C(=O)[O])cc1,2.59,5.381858319531858,4.582474573942554,4.985946056407703,6.284963116063199,5.308810516486329,3.635590314865112,373.071213136,37.92423352948267,101.65414053444458,4.621576272490668,True,416
DAWCIP_clean-(id:175376),0,c1c(C(=O)[O])ccc(c1)C(c1ccc(cc1)C(=O)[O])c1ccc(C(=O)[O])cc1,2.59,5.381858319531858,4.582474573942554,4.985946056407703,6.284963116063199,5.308810516486329,3.6355905532836914,373.071213136,37.92424257132564,101.65416477068328,4.621576510909248,True,417
LACGAZ_clean-(id:170843),0,c1c(C(=O)[O])cc(C(=O)[O])cc1,2.986,4.285643437305263,3.795039292896508,3.649944736967655,4.620849485692915,4.0878692382155855,2.819019556045532,164.010958608,16.76040997123326,102.19079330724507,4.626841588655391,True,418
WIMWIA_clean-(id:184144),0,c1c(cccc1C(=O)[O])C(=O)[O],2.986,4.285643437305263,3.795039292896508,3.649944736967655,4.620849485692915,4.0878692382155855,2.819021463394165,164.010958608,16.7604419392088,102.19098822090092,4.626843496004025,True,419
XINFUW_clean-(id:184655),0,c1c(C(=O)[O])cc(cc1)C(=O)[O],2.986,4.285643437305263,3.795039292896508,3.649944736967655,4.620849485692915,4.0878692382155855,2.819031476974488,164.010958608,16.760609772080702,102.19201152369315,4.626853509584347,True,420
IHAZOH_clean-(id:177789),0,c1cc(cc(c1)C(=O)[O])C(=O)[O],2.986,4.285643437305263,3.795039292896508,3.649944736967655,4.620849485692915,4.0878692382155855,2.8190371990203857,164.010958608,16.760705677333483,102.19259627274651,4.626859231630245,True,421
XINFUW_clean-(id:172907),0,c1c(C(=O)[O])cc(cc1)C(=O)[O],2.986,4.285643437305263,3.795039292896508,3.649944736967655,4.620849485692915,4.0878692382155855,2.819077730178833,164.010958608,16.761385021918198,102.19673834099902,4.6268997627886925,True,422
LACGAZ_clean-(id:178946),0,c1c(C(=O)[O])cc(C(=O)[O])cc1,2.986,4.285643437305263,3.795039292896508,3.649944736967655,4.620849485692915,4.0878692382155855,2.819080114364624,164.010958608,16.761424984221843,102.19698199730092,4.626902146974484,True,423
LOWQIX_clean-(id:173324),0,c1c(cccc1C(=O)[O])C(=O)[O],2.986,4.285643437305263,3.795039292896508,3.649944736967655,4.620849485692915,4.0878692382155855,2.8191163539886475,164.010958608,16.76203242296798,102.20068564461384,4.626938386598507,True,424
OGUJIL_clean-(id:180505),0,c1n(cnn1)[N][N]n1cnnc1,4.17,5.147555124670437,3.909949185563785,3.260381701935474,4.052272631421391,4.092539660897772,2.820237874984741,164.05589212799998,16.780841939930077,102.28734684419196,4.627785978545201,True,425
WUZQOZ_clean-(id:184375),0,c1nncn1[N][N]n1cnnc1,4.17,5.147555124670437,3.909949185563785,3.260381701935474,4.052272631421391,4.092539660897772,2.820252656936645,164.05589212799998,16.781089995361906,102.28885886200864,4.627800760497104,True,426
OSIXEU_clean-(id:180750),0,C1=NN=C(CC)[N]1,4.776,3.5720398343212825,3.3630115494455897,2.868260372429127,4.246511152922476,3.512455727279619,2.289851427078247,96.056172192,9.873470641813624,102.78850818746172,4.632673558712603,True,427
OSIWUJ_clean-(id:180749),0,C1=NN=C(CC)[N]1,4.776,3.5720398343212825,3.3630115494455897,2.868260372429127,4.246511152922476,3.512455727279619,2.2898519039154053,96.056172192,9.873475349852429,102.78855720085356,4.632674035549761,True,428
OSIWUJ_clean-(id:171579),0,C1=NN=C(CC)[N]1,4.776,3.5720398343212825,3.3630115494455897,2.868260372429127,4.246511152922476,3.512455727279619,2.289865493774414,96.056172192,9.873609529902104,102.7899540923454,4.63268762540877,True,429
ZIJVOF_clean-(id:185041),0,CC1=C(C(=N[N]1)C)C(=O)[O],4.265,3.906617332352531,3.5883086913213464,2.8944864847926803,4.054916564869324,3.6110822683339694,2.657467603683472,138.042927432,14.260131031425818,103.30214880766248,4.637658177532305,True,430
XUDPET_clean-(id:184795),0,c1c(C(=O)[O])ccc(c1)N(c1ccc(cc1)C(=O)[O])c1cccc(c1)N(c1ccc(C(=O)[O])cc1)c1ccc(cc1)C(=O)[O],2.921,5.0358144418410005,4.7396608168466186,5.669492820141089,7.039623778459041,5.6211479643219375,4.106307506561279,584.1219656,60.72208719320734,103.95446630882071,4.643952979314834,True,431
XUDNUH_clean-(id:184794),0,c1c(C(=O)[O])ccc(c1)N(c1ccc(cc1)C(=O)[O])c1cccc(c1)N(c1ccc(C(=O)[O])cc1)c1ccc(cc1)C(=O)[O],2.921,5.0358144418410005,4.7396608168466186,5.669492820141089,7.039623778459041,5.6211479643219375,4.106307506561279,584.1219656,60.72208719320734,103.95446630882071,4.643952979314834,True,432
VAMZER_clean-(id:183455),0,c1c(C(=O)[O])ccc(c1)N(c1ccc(C(=O)[O])cc1)c1cccc(c1)N(c1ccc(C(=O)[O])cc1)c1ccc(C(=O)[O])cc1,2.921,5.0358144418410005,4.7396608168466186,5.669492820141089,7.039623778459041,5.6211479643219375,4.106308937072754,584.1219656,60.72217405691196,103.95461501698398,4.643954409826309,True,433
XUDPOD_clean-(id:184797),0,c1c(C(=O)[O])ccc(c1)N(c1ccc(C(=O)[O])cc1)c1cccc(c1)N(c1ccc(C(=O)[O])cc1)c1ccc(C(=O)[O])cc1,2.921,5.0358144418410005,4.7396608168466186,5.669492820141089,7.039623778459041,5.6211479643219375,4.10630989074707,584.1219656,60.722231966117405,103.95471415587768,4.643955363500625,True,434
VAMYEQ_clean-(id:183450),0,c1c(C(=O)[O])ccc(c1)N(c1ccc(C(=O)[O])cc1)c1cccc(c1)N(c1ccc(C(=O)[O])cc1)c1ccc(C(=O)[O])cc1,2.921,5.0358144418410005,4.7396608168466186,5.669492820141089,7.039623778459041,5.6211479643219375,4.10630989074707,584.1219656,60.722231966117405,103.95471415587768,4.643955363500625,True,435
UVARUF_clean-(id:183301),0,c1c(C(=O)[O])ccc(c1)/C=C/c1ccncc1,2.341,5.873620567771338,4.381662805950368,4.728449237794227,5.830331685414713,5.203516074232661,3.149447202682495,224.07115356,23.323168031958502,104.08822225174652,4.645238830428187,True,436
UVASAM_clean-(id:183302),0,c1c(C(=O)[O])ccc(c1)/C=C/c1ccncc1,2.341,5.873620567771338,4.381662805950368,4.728449237794227,5.830331685414713,5.203516074232661,3.1494507789611816,224.07115356,23.32325144225639,104.08859450090291,4.645242406706873,True,437
UVASAM01_clean-(id:183303),0,C(=C\c1ccncc1)/c1ccc(cc1)C(=O)[O],2.341,5.873620567771338,4.381662805950368,4.728449237794227,5.830331685414713,5.203516074232661,3.1494510173797607,224.07115356,23.32325700295352,104.08861931756068,4.645242645125452,True,438
UVARUF_clean-(id:172410),0,c1c(C(=O)[O])ccc(c1)/C=C/c1ccncc1,2.341,5.873620567771338,4.381662805950368,4.728449237794227,5.830331685414713,5.203516074232661,3.1494529247283936,224.07115356,23.323301488578306,104.08881785103576,4.645244552474085,True,439
UVASAM_clean-(id:172411),0,c1c(C(=O)[O])ccc(c1)/C=C/c1ccncc1,2.341,5.873620567771338,4.381662805950368,4.728449237794227,5.830331685414713,5.203516074232661,3.1494529247283936,224.07115356,23.323301488578306,104.08881785103576,4.645244552474085,True,440
UVAROZ_clean-(id:183300),0,c1c(C(=O)[O])ccc(c1)/C=C/c1ccncc1,2.341,5.873620567771338,4.381662805950368,4.728449237794227,5.830331685414713,5.203516074232661,3.149453401565552,224.07115356,23.323312609997767,104.08886748446376,4.645245029311244,True,441
UVARIT_clean-(id:183299),0,c1c(C(=O)[O])ccc(c1)/C=C/c1ccncc1,2.341,5.873620567771338,4.381662805950368,4.728449237794227,5.830331685414713,5.203516074232661,3.14945387840271,224.07115356,23.323323731422512,104.0889171179153,4.6452455061484015,True,442
UVAROZ_clean-(id:172409),0,c1c(C(=O)[O])ccc(c1)/C=C/c1ccncc1,2.341,5.873620567771338,4.381662805950368,4.728449237794227,5.830331685414713,5.203516074232661,3.149475336074829,224.07115356,23.323824201025307,104.09115064773314,4.645266963820521,True,443
GELVEZ02_clean-(id:176836),0,Oc1cc(cc(c1[O])O)C(=O)[O],3.642,4.198775295444024,3.89797923142991,3.8505129137278615,4.530940887897076,4.119552082124718,2.862333059310913,168.005873228,17.502313274554357,104.17679416958266,4.646089399810391,True,444
GELVEZ02_clean-(id:170208),0,Oc1cc(cc(c1[O])O)C(=O)[O],3.642,4.198775295444024,3.89797923142991,3.8505129137278615,4.530940887897076,4.119552082124718,2.862333297729492,168.005873228,17.502317447431516,104.17681900726888,4.64608963822897,True,445
GELVEZ01_clean-(id:176835),0,Oc1cc(cc(c1[O])O)C(=O)[O],3.642,4.198775295444024,3.89797923142991,3.8505129137278615,4.530940887897076,4.119552082124718,2.862334012985229,168.005873228,17.502329966068956,104.17689352036297,4.646090353484706,True,446
GELVEZ_clean-(id:170209),0,Oc1cc(cc(c1[O])O)C(=O)[O],3.642,4.198775295444024,3.89797923142991,3.8505129137278615,4.530940887897076,4.119552082124718,2.862424612045288,168.005873228,17.50391573254612,104.18633227656056,4.646180952544766,True,447
BUVWOF03_clean-(id:174687),0,c1cccnc1C1=NN=C(c2ccncc2)[N]1,3.014,4.774230605307637,3.545582047043106,3.895842244236461,5.4349765455828285,4.412657860542508,3.1486237049102783,222.077970256,23.303969361159428,104.93597962146276,4.65335044631315,True,448
BUVXOG_clean-(id:169415),0,c1c(C2=NN=C(c3ccncc3)[N]2)nccc1,3.014,4.774230605307637,3.545582047043106,3.895842244236461,5.4349765455828285,4.412657860542508,3.1486504077911377,222.077970256,23.30459165258528,104.93878175183676,4.653377149194009,True,449
BUVYIB_clean-(id:174690),0,c1c(C2=NN=C(c3ccncc3)[N]2)nccc1,3.014,4.774230605307637,3.545582047043106,3.895842244236461,5.4349765455828285,4.412657860542508,3.148677110671997,222.077970256,23.30521396062833,104.94158395703673,4.653403852074868,True,450
REBCAE_clean-(id:173469),0,C(=C\c1ccc(cc1)OCc1c(c(c(c(c1C)COc1ccc(cc1)/C=C/C(=O)[O])C)COc1ccc(cc1)/C=C/C(=O)[O])C)/C(=O)[O],3.166,4.9144778135176,5.012086829184579,6.218749078843503,6.888346098163869,5.758414954927388,4.216475486755371,645.2124576360001,67.794121439515,105.07255499670065,4.654651111495546,True,451
UDEGIW_clean-(id:182978),0,c1cc(c2c(cccc2)n1)c1cc(cc(c1)C(=O)[O])C(=O)[O],2.723,5.119793488996223,4.249437853373132,4.796800860743655,5.885068642598968,5.012775211427995,3.42724609375,291.053157768,30.79172834704764,105.79417376255331,4.66149544950101,True,452
YOFXEY_clean-(id:185294),1,C(=N\CC/N=C/c1ccccc1[O])/c1ccccc1[O],3.454,5.644698091218138,4.678199416770796,5.254413741674979,6.7554041494296655,5.583178849773395,3.3415229320526123,266.105527688,28.262135259205007,106.20649448643334,4.665385260294294,True,453
IFASOZ_clean-(id:170534),0,C(C(=O)[O])CCCC(=O)[O],3.416,3.36703053149206,3.119465756921177,3.4626898711004674,3.707652630858342,3.4142096975930114,2.7300424575805664,144.042258736,15.33353803101324,106.45166332136236,4.667691016594232,True,454
EJOQUR_clean-(id:175840),0,c1c(c(c(cc1)Oc1cc(cc(c1)C(=O)[O])C(=O)[O])C(=O)[O])C(=O)[O],3.494,4.277147591500055,3.63403548034289,3.7121399559177424,5.165399760077445,4.197180696959533,3.603805780410767,342.00118177199994,36.7377846677102,107.42005181783838,4.676746866862585,True,455
GUKYUI_clean-(id:177037),0,C(C(=O)[O])N1C=CN([CH]1)Cc1ccc(CN2C=CN(CC(=O)[O])[CH]2)cc1,4.009,4.900840432432102,3.094608987984664,3.593765148234343,6.079874139132311,4.417272176945855,3.639782428741455,354.13280505599994,38.08354993805845,107.5403052028354,4.677865709417633,True,456
QIRWAR_clean-(id:181433),0,[CH]1C=NC(=O)C(=N1)C(=O)[O],4.435,3.5850201535148463,3.427611405862546,3.345396409280097,4.195551223106959,3.638394797941112,2.7004153728485107,138.006541924,14.885913645236522,107.86382614698202,4.68086956255066,True,457
IWEPUW_clean-(id:173239),0,c1c(cc(cc1C(=O)O)n1cnnc1)C(=O)[O],2.874,3.681579209455093,3.086178223278322,3.425623806852652,4.564676474183182,3.689514428442312,3.2220537662506104,232.035830672,25.07957490978868,108.0849230791452,4.6829172429397365,True,458
GITVIP_clean-(id:173167),0,C1=N[C](C(=N1)Cl)Cl,4.324,4.0033762324467785,4.061779584648092,3.398852539759239,4.910557314516916,4.093641417842756,2.6819164752960205,134.951678392,14.613072068622335,108.28373713274696,4.684754977751803,True,459
RAZYIC_clean-(id:171951),0,C1c2c3c4c(CCC5CCc6c(c7c(CCC(C1)c37)nn6)c45)nn2,3.548,4.233930044735261,4.396435358540279,4.618020073716718,6.107977130780374,4.839090651943158,3.5290563106536865,314.15314657600004,34.09178037982641,108.51962092819244,4.686930994679142,True,460
ADUROI_clean-(id:169146),0,c1cc(C(=O)[O])ccc1NC(=O)c1cc(cnc1)C(=O)Nc1ccc(C(=O)[O])cc1,2.456,5.3819222014984325,4.252569502992984,4.910851444216358,6.7284069506077895,5.318437524828891,3.781860113143921,403.080435136,43.89762037995325,108.90536119705766,4.690479259186802,True,461
CECVAI_clean-(id:174831),0,Oc1ccc(c(/C=N/[N][C]([N]/N=C/c2c(ccc(c2)O)[O])[N]/N=C/c2c(ccc(c2)O)[O])c1)[O],4.45,4.840361394597169,4.147305149949164,5.265444854914765,6.431285219901966,5.171099154840766,3.9142274856567374,459.1053072,50.11034559408229,109.14782471084077,4.692703153441802,True,462
QOZDOY_clean-(id:171864),0,c1cnccc1/C=C/C(=O)[O],2.707,4.534668879304883,3.899855874503344,3.312821703850715,5.441312433361689,4.2971647227551575,2.7854344844818115,148.039853432,16.206857975534366,109.4763173551692,4.695708246003225,True,463
EMAPAK_clean-(id:175905),0,C1=NC(=N[CH]1)C,4.818,3.62064325883512,3.35782422366895,3.0197656347998936,4.930597998442167,3.732207778936533,2.188279151916504,81.04527316,8.919850192753291,110.0600916618996,4.701026504466988,True,464
CEGFAW_clean-(id:174840),0,C1=NC(=N[CH]1)C,4.818,3.62064325883512,3.35782422366895,3.0197656347998936,4.930597998442167,3.732207778936533,2.1882801055908203,81.04527316,8.919858699389383,110.06019662343236,4.701027458141305,True,465
FAWCEN03_SL-(id:185435),0,C1=NC(=N[CH]1)C,4.818,3.62064325883512,3.35782422366895,3.0197656347998936,4.930597998442167,3.732207778936533,2.188283920288086,81.04527316,8.919892726014874,110.06061647056426,4.701031272838571,True,466
BIRLIZ_clean-(id:174564),0,C(SC)SC,3.589,3.970271653962541,3.9452905664387954,3.3857286970770595,4.881353643496926,4.04566114024383,2.4755284786224365,108.006742256,11.887988000817986,110.0670916695257,4.701090104132622,True,467
RILVOZ_clean-(id:181901),0,c1c(C(=O)[O])cc(cc1C(=O)[O])OC,2.966,3.62651686281195,3.3589413945662194,3.2574850150943657,4.449443166251967,3.6730966096811257,3.06784462928772,194.021523292,21.495521890737574,110.78936772590473,4.707630810556325,True,468
BAXSIE_clean-(id:169318),0,C1=C(N=N[C]1C(=O)[O])C(=O)[O],4.727,3.5600124668448307,3.421781646020003,3.664707933498396,4.249380989937126,3.723970759075089,2.830949544906616,152.993631512,16.96155894229053,110.86447700249636,4.7083085274672,True,469
HAFWIW_clean-(id:177122),0,C1=C(C(=O)[O])N=N[C]1C(=O)[O],4.727,3.5600124668448307,3.421781646020003,3.664707933498396,4.249380989937126,3.723970759075089,2.830951452255249,152.993631512,16.96159129392764,110.86468845990666,4.708310434815833,True,470
BAXSIE_clean-(id:174422),0,C1=C(N=N[C]1C(=O)[O])C(=O)[O],4.727,3.5600124668448307,3.421781646020003,3.664707933498396,4.249380989937126,3.723970759075089,2.830958127975464,152.993631512,16.961704525143467,110.8654285640189,4.708317110536048,True,471
EKUPEG_clean-(id:175866),0,c1c(c(c(c(c1C)C)c1c(c(cc(c1C)C)/N=C/c1c(c(cc(c1)c1ccncc1)C(C)(C)C)[O])[O])[O])/N=C/c1c(c(cc(c1)c1ccncc1)C(C)(C)C)[O],4.078,4.252695469949442,4.846639292907575,6.16454878113444,7.118309082870592,5.5955481567155125,4.411031246185303,742.3519059519999,82.3543473351481,110.93707266708776,4.7089631276473325,True,472
BEPPOD_clean-(id:169345),0,c1cc(C[N][C@H](C(=O)[O])C(C)C)ccn1,3.626,3.984797746228992,3.036300759198701,3.435409587370476,5.424911017915486,3.9703547776784136,3.130173921585083,206.105527688,22.87795816719432,111.0011867407394,4.7095408926131945,True,473
RUGZAW_clean-(id:182059),1,c1c(C(=O)[O])ccc(c1)c1cc(c2ccncc2)cc(c2ccc(C(=O)[O])cc2)n1,2.615,4.958408026665062,4.958908134940286,5.6485741773577605,6.473524689161288,5.509853757031099,3.780749797821045,394.095356928,43.84890722789165,111.2647141283187,4.711912174128109,True,474
c6cc02494g_c6cc02494g6_clean-(id:174716),0,c1c(c(cc(c1[S])C(=O)[O])[S])C(=O)[O],4.604,4.555277372417461,4.132716601684964,4.4666872970367,4.834283184996098,4.497241114033805,3.226670026779175,225.939450544,25.19561639431133,111.51490513784653,4.714158260332353,True,475
MOFKUO_clean-(id:179783),0,C1=N[CH]N(CCCCn2cncn2)[N]1,3.918,4.469731949993842,3.06096798542623,3.213802354369612,4.580223884721887,3.831181543627893,3.071408987045288,192.112344384,21.572276329820504,112.28990203097612,4.7210839381196985,True,476
MOFKUO_clean-(id:171194),0,C1=N[CH]N(CCCCn2cncn2)[N]1,3.918,4.469731949993842,3.06096798542623,3.213802354369612,4.580223884721887,3.831181543627893,3.0714099407196045,192.112344384,21.5722969027562,112.29000911902274,4.721084891794015,True,477
WEHQAC_charged-(id:172662),1,c1c(c2nnc(c3cccc(c3)C#Cc3ccc(C#N)cc3)o2)cc(cc1)C#Cc1ccc(C#N)cc1,2.596,4.851733750181017,4.999196804283052,6.1252832907997625,6.880854140942705,5.714266996551634,3.9739291667938232,472.132411132,53.193125431947394,112.66569330499854,4.724424967472843,True,478
WEHQEG_charged-(id:173576),0,c1c(c2nnc(c3cccc(c3)C#Cc3ccc(C#N)cc3)o2)cc(cc1)C#Cc1ccc(C#N)cc1,2.596,4.851733750181017,4.999196804283052,6.1252832907997625,6.880854140942705,5.714266996551634,3.9739387035369873,472.132411132,53.19363272354168,112.66676777390244,4.724434504216007,True,479
WEHQAC_charged-(id:184028),1,c1c(c2nnc(c3cccc(c3)C#Cc3ccc(C#N)cc3)o2)cc(cc1)C#Cc1ccc(C#N)cc1,2.596,4.851733750181017,4.999196804283052,6.1252832907997625,6.880854140942705,5.714266996551634,3.973944187164306,472.132411132,53.19392441839905,112.66738559816211,4.724439987843327,True,480
QAVDEW_clean-(id:171804),0,N1C(=O)N(C(=O)[N]1)N,4.201,3.83923268174773,3.394148284141956,3.396693447076777,3.9593945795101866,3.647367248119162,2.5624263286590576,115.025600336,12.967241967674552,112.7335300124154,4.725026892434843,True,481
GOGWAB_clean-(id:176956),0,[CH]1C(=O)[N]C(=S)[N]C1=O,4.81,3.891117646820708,3.414007871722035,3.518305455169448,3.5462434329552592,3.5924186016668624,2.76686692237854,140.975873272,15.908712615347184,112.8470584796647,4.726033437169859,True,482
GOGWEF_clean-(id:170287),0,[CH]1C(=O)[N]C(=S)[N]C1=O,4.81,3.891117646820708,3.414007871722035,3.518305455169448,3.5462434329552592,3.5924186016668624,2.766876697540283,140.975873272,15.908868126346196,112.84816158330509,4.726043212331602,True,483
JAVWUY_clean-(id:178347),0,C1CCSCCCSCCCS1,3.165,4.855462935136882,4.489969956645028,4.673788335643859,5.312246833805537,4.832867015307826,3.226675271987915,222.057063576,25.19574855092525,113.46519739193928,4.731496158992564,True,484
ZIKJOU_clean-(id:185045),0,c1c(cc(cc1C(=O)[O])C(=O)[O])N(Cc1ccc(C(=O)[O])cc1)Cc1ccc(C(=O)[O])cc1,3.154,4.853803609711317,4.211714495676719,4.574470398182937,5.561078899842428,4.800266850853351,3.949785470962525,445.07976644,51.92422638559109,116.6627429525958,4.759287233414894,True,485
ZIKJIO_clean-(id:185044),0,c1c(C(=O)[O])cc(cc1N(Cc1ccc(C(=O)[O])cc1)Cc1ccc(C(=O)[O])cc1)C(=O)[O],3.154,4.853803609711317,4.211714495676719,4.574470398182937,5.561078899842428,4.800266850853351,3.9497861862182617,445.0797664399999,51.924263524705175,116.66282639632182,4.759287948670631,True,486
ZIKJOU_clean-(id:173849),0,c1c(cc(cc1C(=O)[O])C(=O)[O])N(Cc1ccc(C(=O)[O])cc1)Cc1ccc(C(=O)[O])cc1,3.154,4.853803609711317,4.211714495676719,4.574470398182937,5.561078899842428,4.800266850853351,3.9497907161712646,445.07976644,51.92449873971141,116.66335487463957,4.7592924786236335,True,487
ZIKJIO_clean-(id:173848),0,c1c(C(=O)[O])cc(cc1N(Cc1ccc(C(=O)[O])cc1)Cc1ccc(C(=O)[O])cc1)C(=O)[O],3.154,4.853803609711317,4.211714495676719,4.574470398182937,5.561078899842428,4.800266850853351,3.9497907161712646,445.0797664399999,51.92449873971141,116.66335487463958,4.7592924786236335,True,488
LIBJAJ_clean-(id:179199),0,C1[C@H](C(=O)[O])CC[C@@H](C(=O)[O])C1,3.315,3.396136824007812,3.1833591827632737,3.1463313162995963,4.851362175537792,3.644297374652119,2.9878957271575928,170.0579088,19.84388158562498,116.68896628008508,4.7595119870941005,True,489
LIBJAJ_clean-(id:170957),0,C1[C@H](C(=O)[O])CC[C@@H](C(=O)[O])C1,3.315,3.396136824007812,3.1833591827632737,3.1463313162995963,4.851362175537792,3.644297374652119,2.987895965576172,170.0579088,19.843886316775595,116.6889941009059,4.75951222551268,True,490
RIYWED_clean-(id:181931),0,[P@@](=O)(c1cc(C(=O)[O])cc(C(=O)O)c1)([O])O,3.876,3.131512500445602,2.5758909259783334,3.2614969662969395,3.508633495558411,3.119383472069821,3.34968638420105,243.97728913,28.493796137728125,116.78872340673313,4.760366519558015,True,491
DAPHOU_clean-(id:175358),0,c1c([N][N]c2cc(C(=O)[O])cc(C(=O)[O])c2)cc(C(=O)[O])cc1C(=O)[O],4.016,4.680650646755237,3.457397222416287,3.125252390480621,5.19732114133204,4.115155350246046,3.729605197906494,354.0124151519999,41.66265641267731,117.68699240332828,4.768028493318985,True,492
OFOCUI_clean-(id:171472),0,c1c(C(=O)[O])cc(cc1C(=O)[O])[N][N]c1cc(C(=O)[O])cc(C(=O)[O])c1,4.016,4.680650646755237,3.457397222416287,3.125252390480621,5.19732114133204,4.115155350246046,3.729605913162232,354.012415152,41.66268621214201,117.68707657965491,4.768029208574722,True,493
IZENUY_clean-(id:178147),0,c1c(C(=O)[O])cc(cc1[N][N]c1cc(C(=O)[O])cc(c1)C(=O)[O])C(=O)[O],4.016,4.680650646755237,3.457397222416287,3.125252390480621,5.19732114133204,4.115155350246046,3.729605913162232,354.0124151519999,41.66268621214201,117.68707657965494,4.768029208574722,True,494
HOGJIX_clean-(id:170444),0,c1c(C(=O)[O])cc(cc1[N][N]c1cc(C(=O)[O])cc(c1)C(=O)[O])C(=O)[O],4.016,4.680650646755237,3.457397222416287,3.125252390480621,5.19732114133204,4.115155350246046,3.7296061515808105,354.0124151519999,41.66269614530163,117.68710463844384,4.768029446993301,True,495
OFOCUI_clean-(id:180479),0,c1c(C(=O)[O])cc(cc1C(=O)[O])[N][N]c1cc(C(=O)[O])cc(C(=O)[O])c1,4.016,4.680650646755237,3.457397222416287,3.125252390480621,5.19732114133204,4.115155350246046,3.729607582092285,354.012415152,41.66275574430915,117.6872729913178,4.768030877504775,True,496
VALXOY_clean-(id:183443),0,c1c(C(=O)[O])cc(cc1C(=O)[O])[N][N]c1cc(C(=O)[O])cc(C(=O)[O])c1,4.016,4.680650646755237,3.457397222416287,3.125252390480621,5.19732114133204,4.115155350246046,3.729607820510864,354.012415152,41.66276567748535,117.68730105015352,4.768031115923354,True,497
acs.chemmater.6b02817_cm6b02817_si_004_clean-(id:173906),0,c1c(C(=O)[O])cc(cc1C(=O)[O])[N][N]c1cc(C(=O)[O])cc(C(=O)[O])c1,4.016,4.680650646755237,3.457397222416287,3.125252390480621,5.19732114133204,4.115155350246046,3.7296082973480233,354.012415152,41.662785543844926,117.68735716784524,4.768031592760513,True,498
PUSXIL_charged-(id:171778),0,P(=O)(c1cc(cc(c1)C(=O)[O])C(=O)[O])([O])[O],4.183,3.4869108038999235,2.58673460193199,3.273643624327871,3.555199503496183,3.225622133413992,3.354377031326294,241.961639066,28.62776443403815,118.31530214683882,4.7733531129729725,True,499
FENVOL_charged-(id:176350),0,P(=O)(c1cc(cc(c1)C(=O)[O])C(=O)[O])([O])[O],4.183,3.4869108038999235,2.58673460193199,3.273643624327871,3.555199503496183,3.225622133413992,3.354377508163452,241.961639066,28.62777808482324,118.3153585639847,4.773353589810131,True,500
